'id_car_modification','id_car_serie','id_car_model','name','date_create','date_update','id_car_type'
'67720','6343','761','1.5 CVT (130 л.с.)','1422327608','1485010782','1'
'67721','6343','761','1.5 MT (130 л.с.)','1422327609','1485010781','1'
'67911','15277','761','1.8 AT (140 л.с.)','1422333896','1485020454','1'
'67912','15277','761','1.8 MT (140 л.с.)','1422333896','1485020455','1'
'68086','15278','761','1.8 AT (140 л.с.)','1422333973','1485020522','1'
'68087','15278','761','1.8 MT (140 л.с.)','1422333973','1485020523','1'
'68092','15279','761','1.8 AT (140 л.с.)','1422333975','1505787019','1'
'68093','15279','761','1.8 MT (140 л.с.)','1422333975','1485020526','1'
'68094','15279','761','2.2 CTDi MT (140 л.с.)','1422333976','1485020527','1'
'68097','15280','761','1.8 I-SHIFT (140 л.с.)','1422333977','1485020529','1'
'65307','14945','763','2.0 MT 4WD (150 л.с.)','1419486505','1485019249','1'
'5233','1034','754','1.5 CVT (110 л.с.)','1399206317','1484997907','1'
'5234','1034','754','1.5 CVT 4WD (110 л.с.)','1399206317','1484997907','1'
'5291','1047','766','1.8 AT (140 л.с.)','1399207516','1484997911','1'
'5292','1047','766','1.8 AT 4WD (140 л.с.)','1399207516','1484997911','1'
'5293','1047','766','2.0 AT (150 л.с.)','1399207516','1484997912','1'
'5294','1047','766','2.0 AT 4WD (150 л.с.)','1399207516','1484997912','1'
'5304','1050','769','2.0 AT (156 л.с.)','1399207529','1484997913','1'
'5305','1050','769','2.0 AT 4WD (156 л.с.)','1399207530','1484997913','1'
'5310','1052','771','2.4 AT (160 л.с.)','1399207532','1484997915','1'
'5311','1052','771','2.4 AT 4WD (160 л.с.)','1399207532','1484997914','1'
'5319','1054','773','1.5 CVT (110 л.с.)','1399207536','1484997917','1'
'5320','1054','773','1.5 CVT 4WD (110 л.с.)','1399207536','1484997916','1'
'5336','1056','775','1.7 MT (125 л.с.)','1399208108','1484997917','1'
'5338','1056','775','2.0 MT (150 л.с.)','1399208108','1484997919','1'
'5339','1056','775','2.2 CTDi MT (140 л.с.)','1399208108','1484997919','1'
'5391','1070','787','1.5 CVT (110 л.с.)','1399209316','1484997921','1'
'5392','1070','787','1.5 CVT (90 л.с.)','1399209316','1484997922','1'
'5393','1070','787','1.5 CVT 4WD (90 л.с.)','1399209316','1484997921','1'
'5403','1074','791','1.8 AT (140 л.с.)','1399209321','1484997924','1'
'5404','1074','791','1.8 MT (140 л.с.)','1399209321','1484997924','1'
'5428','1080','797','2.0 MT (160 л.с.)','1399210232','1484997926','1'
'5429','1080','797','2.5 AT (180 л.с.)','1399210232','1484997926','1'
'5432','1081','798','3.5 AT (250 л.с.)','1399210234','1484997927','1'
'5433','1082','799','2.0 AT 4WD (131 л.с.)','1399210235','1484997927','1'
'5434','1082','799','2.0 AT (130 л.с.)','1399210235','1484997929','1'
'5435','1082','799','2.0 AT (140 л.с.)','1399210236','1484997928','1'
'5436','1082','799','2.0 AT 4WD (140 л.с.)','1399210236','1484997928','1'
'5437','1083','800','2.0 MT GT Edition 100 UK (237 л.с.)','1399210237','1484997929','1'
'5438','1083','800','2.0 MT (237 л.с.)','1399210237','1484997930','1'
'5440','1083','800','2.2 MT (239 л.с.)','1399210237','1484997932','1'
'5443','1085','802','2.2 AT (150 л.с.)','1399211417','1484997933','1'
'5445','1085','802','2.3 AT (150 л.с.)','1399211417','1484997933','1'
'5453','1088','805','0.7 AT (52 л.с.)','1399211422','1484997935','1'
'5454','1088','805','0.7 AT Turbo (64 л.с.)','1399211422','1484997934','1'
'5455','1089','806','0.7 AT (48 л.с.)','1399211423','1484997936','1'
'5456','1089','806','0.7 AT (58 л.с.)','1399211423','1484997936','1'
'5457','1089','806','0.7 MT (48 л.с.)','1399211423','1484997937','1'
'5458','1089','806','0.7 MT (58 л.с.)','1399211423','1484997937','1'
'5459','1090','807','1.8 AT (140 л.с.)','1399211425','1484997938','1'
'5460','1090','807','2.0 AT (150 л.с.)','1399211425','1484997940','1'
'5461','1090','807','2.0 AT (180 л.с.)','1399211425','1484997938','1'
'5462','1090','807','2.0 MT (150 л.с.)','1399211425','1484997941','1'
'5463','1090','807','2.0 MT (200 л.с.)','1399211425','1484997941','1'
'5867','1169','869','2.0 T AT (211 л.с.)','1399216828','1503352768','1'
'5870','1169','869','3.5 AT AWD Hybrid (298 л.с.)','1399216829','1503352780','1'
'5871','1169','869','3.5 AT Hybrid (302 л.с.)','1399216829','1484998058','1'
'5881','1173','873','3.5 CVT (265 л.с.)','1399216833','1484998069','1'
'5882','1173','873','3.5 CVT AWD (262 л.с.)','1399216833','1500591598','1'
'5883','1174','874','3.0 D AT AWD (238 л.с.)','1399216835','1500591604','1'
'5884','1174','874','3.7 AT AWD (333 л.с.)','1399216835','1503352810','1'
'5885','1174','874','5.0 AT AWD (400 л.с.)','1399216835','1500591633','1'
'65330','14949','779','3.5 AT (280 л.с.)','1419486512','1485019278','1'
'65326','14947','763','2.0 MT 4WD (150 л.с.)','1419486509','1485019275','1'
'65353','14957','782','1.5 MT (110 л.с.)','1419486523','1485019292','1'
'62536','14678','774','1.5 AT (110 л.с.)','1411952218','1485021101','1'
'68122','15284','761','1.7 CTDi MT (100 л.с.)','1422333984','1485020546','1'
'68121','15284','761','1.6 MT (110 л.с.)','1422333984','1485020546','1'
'68120','15284','761','1.6 AT (110 л.с.)','1422333984','1485020545','1'
'68118','15284','761','1.4 MT (90 л.с.)','1422333984','1485020544','1'
'68117','15284','761','1.4 AT (90 л.с.)','1422333984','1485020544','1'
'68115','15283','761','1.7 CTDi MT (100 л.с.)','1422333983','1485020543','1'
'68114','15283','761','1.6 MT (110 л.с.)','1422333982','1485020538','1'
'68113','15283','761','1.6 AT (110 л.с.)','1422333982','1485020538','1'
'68112','15283','761','1.4 MT (90 л.с.)','1422333982','1485020537','1'
'68111','15283','761','1.4 AT (90 л.с.)','1422333982','1485020537','1'
'68110','15282','761','1.7 MT (125 л.с.)','1422333981','1485020535','1'
'68109','15282','761','1.7 MT (120 л.с.)','1422333981','1485020534','1'
'68108','15282','761','1.7 AT (125 л.с.)','1422333981','1485020532','1'
'68107','15282','761','1.7 AT (129 л.с.)','1422333981','1485020532','1'
'68104','15281','761','1.6 MT (110 л.с.)','1422333979','1485020530','1'
'68102','15281','761','1.4 MT (90 л.с.)','1422333979','1485020530','1'
'68100','15280','761','2.2 CTDi MT (140 л.с.)','1422333978','1485020529','1'
'68099','15280','761','1.8 MT (140 л.с.)','1422333977','1498027448','1'
'43290','8600','758','1.5 CVT (98 л.с.)','1403383121','1485015708','1'
'63209','8652','862','4.5 AT AWD (319 л.с.)','1416994592','1485016392','1'
'17958','3418','753','2.4 AT (180 л.с.)','1402294775','1485002546','1'
'17959','3418','753','2.4 CVT (185 л.с.)','1402294775','1498009759','1'
'17960','3418','753','2.4 MT (180 л.с.)','1402294775','1485002549','1'
'17961','3418','753','2.4 MT (185 л.с.)','1402294775','1498009756','1'
'17962','3418','753','3.5 AT (281 л.с.)','1402294775','1505771666','1'
'17963','3419','753','2.4 CVT (185 л.с.)','1402294781','1498009765','1'
'17964','3419','753','2.4 MT (185 л.с.)','1402294781','1498009763','1'
'17965','3419','753','3.5 AT (281 л.с.)','1402294781','1498009768','1'
'17966','3419','753','3.5 MT (281 л.с.)','1402294781','1498009770','1'
'17968','3420','759','1.3 MT (100 л.с.)','1402294791','1485002551','1'
'17969','3420','759','1.5 MT (120 л.с.)','1402294791','1485002552','1'
'17985','3423','762','1.5 MT (90 л.с.)','1402294813','1485002563','1'
'17988','3423','762','1.6 MT (112 л.с.)','1402294813','1485002563','1'
'17989','3423','762','1.6 MT (122 л.с.)','1402294813','1485002563','1'
'17991','3424','762','1.5 MT (90 л.с.)','1402295469','1485002564','1'
'17994','3424','762','1.6 MT (112 л.с.)','1402295469','1485002565','1'
'17995','3424','762','1.6 MT (122 л.с.)','1402295469','1485002564','1'
'17996','3425','763','2.0 AT 4WD (155 л.с.)','1402295476','1485002566','1'
'17997','3425','763','2.0 AT 4WD (150 л.с.)','1402295476','1485002567','1'
'17998','3425','763','2.0 MT 4WD (150 л.с.)','1402295476','1485002571','1'
'17999','3425','763','2.0 MT 4WD (155 л.с.)','1402295476','1485002575','1'
'18000','3425','763','2.0 CVT (150 л.с.)','1402295476','1485002576','1'
'18001','3425','763','2.2 i-DTEC AT 4WD (150 л.с.)','1402295476','1485002576','1'
'18002','3425','763','2.0 MT (155 л.с.)','1402295477','1485002575','1'
'18003','3425','763','2.2 i-DTEC MT 4WD (150 л.с.)','1402295477','1485002577','1'
'18004','3425','763','2.4 AT 4WD (187 л.с.)','1402295477','1485002577','1'
'18005','3425','763','2.4 AT 4WD (190 л.с.)','1402295477','1485002578','1'
'18009','3427','767','2.4 AT (194 л.с.)','1402295490','1485002585','1'
'18010','3427','767','3.5 AT (281 л.с.)','1402295490','1485002589','1'
'18011','3427','767','3.5 AT 4WD (281 л.с.)','1402295490','1485002586','1'
'18012','3428','768','1.5 AT (105 л.с.)','1402295495','1485002589','1'
'18013','3428','768','1.5 MT (105 л.с.)','1402295495','1485002590','1'
'18014','3428','768','1.6 AT (120 л.с.)','1402295495','1485002591','1'
'18015','3428','768','1.6 MT (120 л.с.)','1402295495','1485002592','1'
'18016','3429','770','2.4 AT (166 л.с.)','1402295501','1485002593','1'
'18017','3429','770','2.4 AT 4WD (166 л.с.)','1402295501','1485002593','1'
'18018','3429','770','2.4 MT (166 л.с.)','1402295501','1485002594','1'
'18019','3429','770','2.4 MT 4WD (166 л.с.)','1402295501','1485002594','1'
'18021','3430','774','1.3 CVT (100 л.с.)','1402295508','1485002596','1'
'18022','3430','774','1.3 CVT 4WD (100 л.с.)','1402295508','1485002595','1'
'18023','3430','774','1.3 MT (100 л.с.)','1402295508','1485002595','1'
'18028','3430','774','1.5 CVT 4WD (132 л.с.)','1402295508','1485002596','1'
'18029','3430','774','1.5 CVT (132 л.с.)','1402295508','1485002597','1'
'18050','3434','779','3.5 AT (280 л.с.)','1402296188','1485002598','1'
'18054','3435','780','2.0 MT (200 л.с.)','1402296193','1485002599','1'
'18056','3436','782','1.2 MT (90 л.с.)','1402296200','1485002602','1'
'18061','3437','783','3.5 AT (295 л.с.)','1402296207','1485002605','1'
'18062','3437','783','3.5 AT (300 л.с.)','1402296207','1485002605','1'
'18063','3438','784','0.7 AT 4WD (52 л.с.)','1402296214','1485002607','1'
'18064','3438','784','0.7 AT (52 л.с.)','1402296214','1485002607','1'
'18065','3438','784','0.7 T AT 4WD (64 л.с.)','1402296214','1485002606','1'
'18066','3438','784','0.7 T AT (64 л.с.)','1402296214','1485002606','1'
'18067','3439','785','1.3 AT (66 л.с.)','1402296220','1485002608','1'
'18068','3439','785','1.3 CVT 4WD (66 л.с.)','1402296220','1485002609','1'
'18069','3439','785','1.3 MT (66 л.с.)','1402296220','1485002608','1'
'18070','3440','785','1.3 AT (66 л.с.)','1402296225','1485002610','1'
'18071','3440','785','1.3 CVT 4WD (66 л.с.)','1402296225','1485002612','1'
'18072','3440','785','1.3 MT (66 л.с.)','1402296225','1485002611','1'
'18074','3442','790','2.4 AT 4WD (173 л.с.)','1402296239','1485002614','1'
'18077','3442','790','2.4 CVT (173 л.с.)','1402296239','1485002614','1'
'18078','3443','792','1.5 AT (90 л.с.)','1402296243','1485002615','1'
'18079','3443','792','1.5 AT 4WD (90 л.с.)','1402296243','1485002615','1'
'18080','3444','793','3.2 AT 4WD (208 л.с.)','1402296848','1485002617','1'
'18081','3444','793','3.2 AT (208 л.с.)','1402296848','1485002617','1'
'18082','3444','793','3.2 MT 4WD (208 л.с.)','1402296848','1485002618','1'
'18083','3444','793','3.2 MT (208 л.с.)','1402296848','1485002618','1'
'18086','3445','794','3.5 AT (250 л.с.)','1402296856','1485002619','1'
'18087','3445','794','3.5 AT 4WD (257 л.с.)','1402296856','1485002619','1'
'18088','3446','795','2.0 AT (133 л.с.)','1402296861','1485002621','1'
'18089','3446','795','2.0 MT (133 л.с.)','1402296861','1485002622','1'
'18090','3446','795','2.2 AT (185 л.с.)','1402296861','1485002625','1'
'18091','3446','795','2.2 AT (200 л.с.)','1402296861','1485002624','1'
'18092','3446','795','2.2 MT (185 л.с.)','1402296861','1485002628','1'
'18093','3446','795','2.2 MT (200 л.с.)','1402296861','1485002628','1'
'18094','3447','801','2.5 AT (200 л.с.)','1402296867','1485002630','1'
'18095','3447','801','3.2 AT (225 л.с.)','1402296867','1485002630','1'
'18096','3448','803','2.0 AT 4WD (150 л.с.)','1402296873','1485002631','1'
'18097','3448','803','2.0 СVT (150 л.с.)','1402296873','1485002631','1'
'18098','3449','804','1.8 AT (140 л.с.)','1402296879','1485002632','1'
'18099','3449','804','1.8 AT 4WD (140 л.с.)','1402296879','1485002632','1'
'18100','3449','804','2.0 AT 4WD (150 л.с.)','1402296879','1485002632','1'
'18101','3449','804','2.0 CVT (150 л.с.)','1402296879','1485002633','1'
'18355','3496','868','Q45 AT (340 л.с.)','1402300397','1485002977','1'
'63180','6300','753','2.0 AT (155 л.с.)','1416990886','1485010679','1'
'64188','14960','794','3.5 AT (249 л.с.)','1419486084','1485018595','1'
'64186','14939','753','2.4 MT (180 л.с.)','1419486083','1498025207','1'
'64185','14939','753','2.4 AT (180 л.с.)','1419486083','1498025205','1'
'63957','6378','780','1.8 MT (145 л.с.)','1419474316','1485010918','1'
'63958','6414','803','2.0 AT (160 л.с.)','1419474360','1485010969','1'
'63959','6414','803','2.0 AT 4WD (160 л.с.)','1419474360','1485010969','1'
'63955','6377','780','1.6 MT (105 л.с.)','1419474311','1485010912','1'
'63954','6377','780','1.6 AT (105 л.с.)','1419474311','1485010911','1'
'62243','14631','870','3.7 AT (333 л.с.)','1409186806','1485016996','1'
'32372','6297','753','2.2 i-DTEC AT (150 л.с.)','1402949175','1485010674','1'
'32373','6297','753','2.2 i-DTEC MT (150 л.с.)','1402949175','1485010675','1'
'32374','6297','753','2.4 AT (201 л.с.)','1402949175','1485010675','1'
'32378','6298','753','2.2 i-DTEC AT (150 л.с.)','1402949180','1485010677','1'
'32393','6300','753','2.0 MT (155 л.с.)','1402949234','1485010680','1'
'32396','6300','753','2.4 AT (190 л.с.)','1402949235','1485010682','1'
'32409','6304','753','2.3 AT (160 л.с.)','1402949244','1485010689','1'
'32416','6302','753','2.4 MT (160 л.с.)','1402949287','1485010684','1'
'32445','6311','753','2.2 MT (150 л.с.)','1402949355','1485010706','1'
'32484','6314','753','2.0 MT (147 л.с.)','1402949417','1485010713','1'
'32592','6338','761','1.4 AT (90 л.с.)','1402949671','1485010761','1'
'32593','6338','761','1.4 MT (90 л.с.)','1402949671','1485010761','1'
'32595','6338','761','1.6 AT (110 л.с.)','1402949671','1485010762','1'
'32597','6338','761','1.7 TDI MT (100 л.с.)','1402949671','1485010763','1'
'32599','6329','761','1.6 i-DTEC MT (120 л.с.)','1402949705','1498017976','1'
'32626','6344','761','1.4 MT (100 л.с.)','1402949729','1485010785','1'
'32639','6339','761','1.6 MT (185 л.с.)','1402949766','1485010764','1'
'32658','6343','761','1.5 AT (114 л.с.)','1402949776','1485010780','1'
'32661','6343','761','1.6 CVT (114 л.с.)','1402949776','1485010785','1'
'32663','6343','761','1.6 MT (160 л.с.)','1402949776','1485010784','1'
'32664','6347','761','1.3 MT (75 л.с.)','1402949781','1485010798','1'
'32665','6347','761','1.5 AT (90 л.с.)','1402949781','1485010800','1'
'32666','6347','761','1.5 MT (90 л.с.)','1402949781','1485010802','1'
'32667','6347','761','1.6 AT (125 л.с.)','1402949781','1485010804','1'
'32670','6347','761','1.6 MT (125 л.с.)','1402949781','1485010805','1'
'32671','6347','761','1.6 MT (160 л.с.)','1402949781','1485010806','1'
'32673','6348','761','1.4 AT (90 л.с.)','1402949786','1485010807','1'
'32674','6348','761','1.4 MT (90 л.с.)','1402949786','1485010808','1'
'32675','6348','761','1.5 AT (105 л.с.)','1402949786','1485010812','1'
'32694','6349','761','1.4 MT (90 л.с.)','1402949835','1485010821','1'
'32695','6349','761','1.5 AT (91 л.с.)','1402949835','1485010822','1'
'32713','6351','761','1.5VEi MT (90 л.с.)','1402949891','1485010828','1'
'32718','6351','761','1.5 MT (90 л.с.)','1402949891','1485010828','1'
'32731','6345','761','1.7 AT (125 л.с.)','1402950006','1485010788','1'
'32733','6345','761','1.7 MT (125 л.с.)','1402950006','1485010791','1'
'32741','6358','763','2.0 AT 4WD (150 л.с.)','1402950016','1485010866','1'
'32743','6358','763','2.0 MT 4WD (150 л.с.)','1402950016','1485010867','1'
'32746','6358','763','2.2 CTDi AT 4WD (140 л.с.)','1402950016','1498018090','1'
'32747','6358','763','2.2 CTDi MT 4WD (140 л.с.)','1402950016','1485010867','1'
'32749','6358','763','2.4 AT 4WD (166 л.с.)','1402950016','1506976803','1'
'32750','6358','763','2.4 AT (166 л.с.)','1402950017','1498018088','1'
'32762','6359','763','2.0 AT 4WD (150 л.с.)','1402950066','1485010870','1'
'32765','6359','763','2.0 MT 4WD (158 л.с.)','1402950066','1485010872','1'
'32768','6359','763','2.4 AT (162 л.с.)','1402950066','1485010873','1'
'32769','6359','763','2.4 AT 4WD (162 л.с.)','1402950066','1485010873','1'
'32772','6360','763','2.0 AT (128 л.с.)','1402950071','1485010875','1'
'32773','6360','763','2.0 AT (130 л.с.)','1402950071','1485010874','1'
'32782','6366','768','1.6 AT (130 л.с.)','1402950076','1485010889','1'
'32785','6366','768','1.6 MT (130 л.с.)','1402950076','1485010889','1'
'32787','6366','768','1.8 MT (140 л.с.)','1402950076','1485010892','1'
'32818','6365','767','3.5 AT (275 л.с.)','1402950185','1485010883','1'
'32819','6368','770','2.4 AT 4WD (160 л.с.)','1402950190','1485010893','1'
'32820','6368','770','2.4 AT (160 л.с.)','1402950190','1485010893','1'
'32821','6368','770','2.4 MT 4WD (160 л.с.)','1402950190','1485010894','1'
'32822','6368','770','2.4 MT (160 л.с.)','1402950190','1485010894','1'
'32829','6379','780','1.6 AT (120 л.с.)','1402950206','1485010919','1'
'32832','6379','780','1.6 MT (105 л.с.)','1402950206','1485010921','1'
'32833','6379','780','1.6 MT (120 л.с.)','1402950206','1485010922','1'
'32838','6380','780','1.6 AT (120 л.с.)','1402950211','1485010923','1'
'32845','6372','774','1.3 CVT (99 л.с.)','1402950251','1485010901','1'
'32848','6372','774','1.5 CVT (120 л.с.)','1402950251','1485010902','1'
'32856','6377','780','1.8 AT (170 л.с.)','1402950256','1485010913','1'
'32860','6377','780','1.8 MT (180 л.с.)','1402950256','1485010914','1'
'32867','6378','780','1.6 AT 4WD (120 л.с.)','1402950305','1485010914','1'
'32870','6378','780','1.6 MT (120 л.с.)','1402950305','1485010916','1'
'32874','6378','780','1.8 MT (180 л.с.)','1402950305','1485010919','1'
'32884','6389','784','0.7 AT 4WD (52 л.с.)','1402950326','1485010935','1'
'32898','6381','780','1.5 AT (75 л.с.)','1402950485','1485010925','1'
'32901','6381','780','1.6 MT (99 л.с.)','1402950485','1485010927','1'
'32905','6400','793','3.2 AT (177 л.с.)','1402950500','1485010953','1'
'32906','6400','793','3.2 AT 4WD (192 л.с.)','1402950500','1485010951','1'
'32907','6400','793','3.2 MT (177 л.с.)','1402950500','1485010954','1'
'32910','6399','792','1.3 MT (91 л.с.)','1402950551','1485010945','1'
'32911','6399','792','1.5 AT (105 л.с.)','1402950551','1485010947','1'
'32913','6399','792','1.6 AT 4WD 5 мест (120 л.с.)','1402950551','1485010948','1'
'32914','6399','792','1.6 MT 4WD (120 л.с.)','1402950551','1485010949','1'
'32916','6402','795','2.0 MT (133 л.с.)','1402950610','1485010956','1'
'32917','6402','795','2.2 AT 4WS (200 л.с.)','1402950610','1485010956','1'
'32920','6402','795','2.3 MT 4WS (160 л.с.)','1402950610','1485010962','1'
'32936','6411','801','2.0 AT (160 л.с.)','1402950684','1485010965','1'
'32937','6411','801','2.5 AT (180 л.с.)','1402950684','1485010966','1'
'32946','6415','803','2.0 AT (125 л.с.)','1402950735','1485010970','1'
'32947','6415','803','2.0 AT 4WD (125 л.с.)','1402950735','1485010970','1'
'32971','6421','809','2.0 AT (160 л.с.)','1402950966','1485010975','1'
'33121','6413','803','2.0 AT (155 л.с.)','1402951385','1485010967','1'
'43514','8652','862','3.5 AT (280 л.с.)','1403384436','1485016391','1'
'43513','8652','862','3.5 AT AWD (280 л.с.)','1403384436','1485016392','1'
'43502','8650','875','5.6 АТ AWD (405 л.с.)','1403384277','1485016403','1'
'43500','8649','875','5.6 AT AWD (405 л.с.)','1403384272','1485016407','1'
'43379','8626','810','0.7 AT Turbo 4WD (64 л.с.)','1403383611','1485015751','1'
'43378','8626','810','0.7 AT 4WD (52 л.с.)','1403383611','1485015751','1'
'43377','8625','808','0.7 MT Turbo 4WD (64 л.с.)','1403383608','1485016743','1'
'43376','8625','808','0.7 MT (46 л.с.)','1403383608','1485016743','1'
'43373','8622','804','2.0 MT (156 л.с.)','1403383546','1485016749','1'
'43371','8622','804','2.0 AT (156 л.с.)','1403383546','1485016747','1'
'43370','8622','804','2.0 AT 4WD (158 л.с.)','1403383546','1485016748','1'
'43369','8622','804','1.7 MT (125 л.с.)','1403383546','1485016747','1'
'43367','8622','804','1.7 AT (125 л.с.)','1403383546','1485016745','1'
'43366','8622','804','1.7 AT 4WD (130 л.с.)','1403383546','1485016746','1'
'43355','8618','794','3.5 AT 4WD (240 л.с.)','1403383480','1485016379','1'
'43350','8613','779','2.5 AT L (190 л.с.)','1403383473','1485016025','1'
'43345','8617','790','2.3 AT (150 л.с.)','1403383443','1485015616','1'
'43344','8617','790','2.3 AT 4WD (150 л.с.)','1403383443','1485015615','1'
'43337','8612','779','3.2 AT (210 л.с.)','1403383430','1485016255','1'
'43336','8612','779','2.5 AT (190 л.с.)','1403383430','1485016254','1'
'43335','8612','779','2.5 AT (180 л.с.)','1403383430','1485016255','1'
'43334','8612','779','2.0 AT (160 л.с.)','1403383430','1485016253','1'
'43332','8611','779','3.2 AT (225 л.с.)','1403383425','1485016223','1'
'43331','8611','779','2.5 AT (200 л.с.)','1403383425','1485016222','1'
'43330','8610','779','3.0 AT (250 л.с.)','1403383421','1485016353','1'
'43323','8603','759','1.3 MT (82 л.с.)','1403383413','1485011375','1'
'43322','8603','759','1.3 MT (100 л.с.)','1403383413','1485011374','1'
'43321','8603','759','1.3 AT (82 л.с.)','1403383413','1485011373','1'
'43320','8603','759','1.3 AT (100 л.с.)','1403383413','1485011373','1'
'43319','8603','759','1.2 MT (76 л.с.)','1403383413','1485011372','1'
'43318','8603','759','1.2 AT (76 л.с.)','1403383413','1485011372','1'
'43296','8602','759','1.5 MT (100 л.с.)','1403383129','1485016877','1'
'43294','8602','759','1.3 MT (83 л.с.)','1403383129','1485016877','1'
'43293','8602','759','1.3 AT (83 л.с.)','1403383129','1485016876','1'
'43292','8601','759','1.3 MT (100 л.с.)','1403383125','1485010714','1'
'43291','8601','759','1.3 AT (100 л.с.)','1403383125','1485010714','1'
'52451','6297','753','2.0 AT (156 л.с.)','1403672790','1485010673','1'
'52453','6297','753','2.4 MT (201 л.с.)','1403672790','1485010675','1'
'52456','6298','753','2.2 i-DTEC MT (150 л.с.)','1403672793','1485010678','1'
'52458','6298','753','Type S 2.4 AT (201 л.с.)','1403672793','1485010678','1'
'52460','6298','753','Type S  2.4 MT (201 л.с.)','1403672793','1485010679','1'
'52466','6300','753','2.2 TDI MT (140 л.с.)','1403672824','1485010681','1'
'52469','6300','753','2.4 MT (190 л.с.)','1403672824','1485010682','1'
'52473','6302','753','2.4 AT (160 л.с.)','1403672832','1485010683','1'
'52498','6311','753','2.2 AT (150 л.с.)','1403672888','1485010705','1'
'52505','6314','753','2.0 AT (147 л.с.)','1403672899','1485010713','1'
'52530','6330','761','1.8 AT (142 л.с.)','1403673023','1485010721','1'
'52531','6330','761','1.8 MT (142 л.с.)','1403673023','1485010725','1'
'52547','6338','761','1.6 MT (110 л.с.)','1403673075','1485010763','1'
'52553','6340','761','1.4 AT (90 л.с.)','1403673082','1485010764','1'
'52554','6340','761','1.4 MT (90 л.с.)','1403673082','1485010765','1'
'52567','6343','761','1.4 AT (90 л.с.)','1403673093','1485010779','1'
'52568','6343','761','1.4 MT (75 л.с.)','1403673093','1485010780','1'
'52569','6343','761','1.4 MT (90 л.с.)','1403673093','1485010779','1'
'52570','6343','761','1.5 MT (114 л.с.)','1403673093','1485010781','1'
'52581','6348','761','1.5 MT (105 л.с.)','1403673134','1485010814','1'
'52584','6349','761','1.3 MT (75 л.с.)','1403673139','1485010820','1'
'52585','6349','761','1.4 AT (90 л.с.)','1403673139','1485010820','1'
'52586','6349','761','1.5 MT (91 л.с.)','1403673139','1485010823','1'
'52588','6349','761','1.6 MT (107 л.с.)','1403673139','1485010824','1'
'52597','6351','761','1.5 AT (90 л.с.)','1403673146','1485010827','1'
'52614','6359','763','2.0 AT 4WD (158 л.с.)','1403673198','1485010871','1'
'52615','6359','763','2.0 MT 4WD (150 л.с.)','1403673198','1498018093','1'
'52616','6359','763','2.4 MT 4WD (162 л.с.)','1403673199','1485010874','1'
'52620','6360','763','2.0 MT (128 л.с.)','1403673202','1485010876','1'
'52621','6360','763','2.0 MT (145 л.с.)','1403673202','1485010875','1'
'52629','6366','768','1.6 AT (120 л.с.)','1403673216','1485010888','1'
'52631','6366','768','1.6 MT (120 л.с.)','1403673216','1485010890','1'
'52633','6366','768','1.8 AT (140 л.с.)','1403673216','1485010891','1'
'52635','6372','774','1.3 MT (100 л.с.)','1403673247','1485010901','1'
'52638','6375','778','1.0 CVT (70 л.с.)','1403673250','1485010910','1'
'52640','6375','778','1.0 MT (70 л.с.)','1403673250','1485010910','1'
'52641','6377','780','1.6 AT (120 л.с.)','1403673254','1485010911','1'
'52642','6377','780','1.6 MT (120 л.с.)','1403673254','1485010913','1'
'52646','6378','780','1.6 AT  (120 л.с.)','1403673257','1485010915','1'
'52647','6378','780','1.6 MT 4WD (120 л.с.)','1403673257','1485010917','1'
'52648','6378','780','1.8 AT (170 л.с.)','1403673257','1485010918','1'
'52650','6379','780','1.6 AT (105 л.с.)','1403673262','1485010919','1'
'52651','6379','780','1.6 AT (150 л.с.)','1403673262','1485010920','1'
'52653','6379','780','1.6 MT (160 л.с.)','1403673262','1485010923','1'
'52657','6380','780','1.6 AT (150 л.с.)','1403673265','1485010924','1'
'52659','6380','780','1.6 MT (120 л.с.)','1403673266','1485010924','1'
'52660','6380','780','1.6 MT (160 л.с.)','1403673266','1485010925','1'
'52661','6381','780','1.5 MT (75 л.с.)','1403673269','1485010926','1'
'52662','6381','780','1.6 AT (99 л.с.)','1403673269','1485010926','1'
'52663','6383','782','1.2 MT (77 л.с.)','1403673272','1485010929','1'
'52666','6384','783','3.5 AT (205 л.с.)','1403673275','1485010931','1'
'52672','6389','784','0.7 AT (52 л.с.)','1403673320','1485010936','1'
'52673','6390','784','0.7 T AT 4WD (64 л.с.)','1403673324','1485010936','1'
'52677','6399','792','1.3 AT (91 л.с.)','1403673338','1485010945','1'
'52678','6399','792','1.5 MT (105 л.с.)','1403673338','1485010948','1'
'52680','6400','793','3.2 MT (192 л.с.)','1403673363','1485010953','1'
'52681','6402','795','2.0 AT (133 л.с.)','1403673367','1485010955','1'
'52682','6402','795','2.2 MT (185 л.с.)','1403673367','1485010959','1'
'52683','6402','795','2.3 AT 4WS (160 л.с.)','1403673367','1485010962','1'
'52696','6413','803','2.0 AT 4WD (155 л.с.)','1403673385','1485010967','1'
'52697','6413','803','2.4 AT (162 л.с.)','1403673385','1485010968','1'
'52698','6413','803','2.4 AT 4WD (162 л.с.)','1403673385','1485010968','1'
'52702','6421','809','2.0 MT (165 л.с.)','1403673394','1485010975','1'
'52703','6421','809','2.5 AT (190 л.с.)','1403673394','1485010976','1'
'52919','6502','867','M30 AT (164 л.с.)','1403673731','1485011124','1'
'52920','6503','867','M30 AT (164 л.с.)','1403673734','1485011124','1'
'52921','6504','868','Q41 AT (269 л.с.)','1403673736','1485011125','1'
'52922','6505','868','Q45 AT (282 л.с.)','1403673741','1485011126','1'
'52927','6509','871','QX56 AT (405 л.с.)','1403673747','1485011126','1'
'65386','14967','804','2.0 MT (156 л.с.)','1419486536','1485019302','1'
'65385','14967','804','2.0 AT (156 л.с.)','1419486536','1485019301','1'
'65383','14967','804','1.7 MT (125 л.с.)','1419486535','1485019300','1'
'65379','14966','804','2.0 CVT (150 л.с.)','1419486534','1485019298','1'
'65376','14966','804','1.8 AT (140 л.с.)','1419486534','1485019297','1'
'65360','14961','794','3.5 AT 4WD (244 л.с.)','1419486526','1485019296','1'
'65359','14961','794','3.5 AT (244 л.с.)','1419486526','1485019297','1'
'65355','14959','784','0.7 AT 4WD (52 л.с.)','1419486525','1485019295','1'
'65356','14959','784','0.7 AT (52 л.с.)','1419486525','1485019296','1'
'65354','14958','783','3.7 AT (295 л.с.)','1419486524','1485019295','1'
'65352','14957','782','1.5 CVT (110 л.с.)','1419486523','1485019292','1'
'65349','14957','782','1.2 MT (78 л.с.)','1419486522','1485019290','1'
'65345','14956','782','1.2 MT (90 л.с.)','1419486521','1485019286','1'
'65305','14945','763','2.0 AT 4WD (150 л.с.)','1419486505','1485019247','1'
'65342','14953','780','2.0 MT (220 л.с.)','1419486518','1485019280','1'
'65331','14950','779','3.0 AT (250 л.с.)','1419486513','1485019279','1'
'65327','14947','763','2.0 MT 4WD (148 л.с.)','1419486509','1485019276','1'
'65325','14947','763','2.0 AT (150 л.с.)','1419486509','1485019262','1'
'65323','14946','763','2.4 5MT 4WD (158 л.с.)','1419486508','1506976898','1'
'65324','14947','763','2.0 AT 4WD (148 л.с.)','1419486509','1485019263','1'
'65321','14946','763','2.4 5AT 4WD (162 л.с.)','1419486508','1498026124','1'
'65312','14945','763','2.4 AT 4WD (182 л.с.)','1419486506','1485019252','1'
'65313','14945','763','2.4 AT (170 л.с.)','1419486506','1506976898','1'
'65314','14946','763','2.0 4AT 4WD (150 л.с.)','1419486507','1485019257','1'
'65315','14946','763','2.0 4AT (150 л.с.)','1419486507','1498026124','1'
'65316','14946','763','2.0 5MT 4WD (150 л.с.)','1419486507','1485019257','1'
'65317','14946','763','2.0 5MT (150 л.с.)','1419486507','1498026124','1'
'65320','14946','763','2.4 5AT (158 л.с.)','1419486507','1506976899','1'
'65303','14944','753','2.4 AT (166 л.с.)','1419486504','1485019242','1'
'65293','14942','753','2.4 AT (166 л.с.)','1419486501','1485019238','1'
'65295','14942','753','2.4 MT (166 л.с.)','1419486501','1485019238','1'
'65277','14940','753','Type S 2.4 MT (200 л.с.)','1419486497','1485019237','1'
'65271','14940','753','2.2 i-DTEC AT (150 л.с.)','1419486496','1485019234','1'
'65272','14940','753','2.2 i-DTEC MT (150 л.с.)','1419486496','1485019234','1'
'65274','14940','753','Type S 2.4 AT (200 л.с.)','1419486497','1505785770','1'
'64189','14960','794','3.5 AT 4WD (249 л.с.)','1419486084','1485018596','1'
'64187','14939','753','3.5 AT (281 л.с.)','1419486083','1498025213','1'
'63956','6378','780','1.8 AT (145 л.с.)','1419474315','1485010917','1'
'62246','14632','870','3.7 AT (333 л.с.)','1409186808','1485016998','1'
'70007','3418','753','2.0 CVT (143 л.с.)','1424243327','1500595938','1'
'70960','14944','753','2.4 MT (166 л.с.)','1424255323','1485019243','1'
'70961','14954','780','1.6 AT (120 л.с.)','1424255343','1485019281','1'
'70962','14954','780','1.6 MT (120 л.с.)','1424255343','1485019281','1'
'70965','14954','780','1.8 AT (170 л.с.)','1424255344','1485019282','1'
'70969','14954','780','1.8 MT (180 л.с.)','1424255344','1485019282','1'
'70970','14955','780','1.6 AT (120 л.с.)','1424255346','1485019283','1'
'70971','14955','780','1.6 AT 4WD (120 л.с.)','1424255346','1485019283','1'
'70972','14955','780','1.6 MT (120 л.с.)','1424255346','1485019284','1'
'70973','14955','780','1.6 MT 4WD (120 л.с.)','1424255347','1485019284','1'
'70974','14955','780','1.8 AT (170 л.с.)','1424255347','1485019285','1'
'70977','14955','780','1.8 MT (180 л.с.)','1424255347','1485019285','1'
'175362','14945','763','2.2 i-DTEC MT 4WD (150 л.с.)','1452989452','1485019252','1'
'175361','14945','763','2.2 i-DTEC AT 4WD (150 л.с.)','1452989452','1485019251','1'
'174140','3440','785','1.3 CVT (91 л.с.)','1448504527','1485002613','1'
'111668','45561','777','1.6 MT 4WD (125 л.с.)','1433637479','1485021988','1'
'111203','45400','770','2.4 AT (166 л.с.)','1432162746','1485022330','1'
'111204','45400','770','2.4 AT 4WD (166 л.с.)','1432162746','1485022330','1'
'111205','45400','770','2.4 MT (166 л.с.)','1432162746','1485022332','1'
'111206','45400','770','2.4 MT 4WD (166 л.с.)','1432162746','1485022331','1'
'111866','45399','763','2.0 MT 4x2 (150 л.с.)','1434676646','1485021858','1'
'111665','45561','777','1.6 CVT (125 л.с.)','1433637479','1485021990','1'
'111662','45561','777','1.6 CVT (105 л.с.)','1433637479','1485021990','1'
'111626','45562','777','1.6 CVT (125 л.с.)','1433637285','1485021657','1'
'111865','45399','763','2.0 AT 4x4 (150 л.с.)','1434676646','1485021854','1'
'108040','1071','788','3.2 MT (280 л.с.)','1426978851','1484997923','1'
'108030','1035','755','2.0 AT (160 л.с.)','1426978824','1484997908','1'
'108031','1035','755','2.0 MT (160 л.с.)','1426978825','1484997908','1'
'108032','1035','755','2.5 AT (180 л.с.)','1426978825','1484997909','1'
'108033','1056','775','1.8 AT (140 л.с.)','1426978843','1484997918','1'
'108034','1056','775','1.8 MT (140 л.с.)','1426978844','1484997918','1'
'111623','45562','777','1.6 CVT (105 л.с.)','1433637285','1485021656','1'
'111624','45562','777','1.6 CVT 4WD (105 л.с.)','1433637285','1485021657','1'
'111625','45562','777','1.6 CVT 4WD (125 л.с.)','1433637285','1485021658','1'
'109620','6343','761','1.3 AT (91 л.с.)','1429406547','1485010778','1'
'109621','6343','761','1.3 MT (91 л.с.)','1429406547','1485010778','1'
'111663','45561','777','1.6 CVT 4WD (105 л.с.)','1433637479','1485021991','1'
'111664','45561','777','1.6 CVT 4WD (125 л.с.)','1433637479','1485021991','1'
'111629','45562','777','1.6 MT 4WD (125 л.с.)','1433637285','1485021655','1'
'110967','45399','763','1.6 i-DTEC AT 4x4 (160 л.с.)','1432162359','1498028789','1'
'110968','45399','763','1.6 i-DTEC MT 4x2 (120 л.с.)','1432162359','1498028789','1'
'110969','45399','763','1.6 i-DTEC MT 4x4 (160 л.с.)','1432162359','1498028789','1'
'110973','45399','763','2.4 CVT 4x4 (188 л.с.)','1432162359','1485021861','1'
'111210','45402','777','1.6 CVT (105 л.с.)','1432162750','1485022335','1'
'111211','45402','777','1.6 CVT 4WD (105 л.с.)','1432162750','1485022335','1'
'111212','45402','777','1.6 CVT 4WD (125 л.с.)','1432162750','1485022334','1'
'111214','45402','777','1.6 MT (105 л.с.)','1432162750','1485022334','1'
'111215','45402','777','1.6 MT 4WD (105 л.с.)','1432162750','1485022333','1'
'111216','45402','777','1.6 MT 4WD (125 л.с.)','1432162750','1485022332','1'
'111218','45403','777','1.6 CVT (105 л.с.)','1432162751','1485022338','1'
'111219','45403','777','1.6 CVT 4WD (105 л.с.)','1432162751','1485022338','1'
'111220','45403','777','1.6 CVT 4WD (125 л.с.)','1432162751','1485022337','1'
'111222','45403','777','1.6 MT (105 л.с.)','1432162751','1485022337','1'
'111223','45403','777','1.6 MT 4WD (105 л.с.)','1432162751','1485022336','1'
'111224','45403','777','1.6 MT 4WD (125 л.с.)','1432162751','1485022336','1'
'111666','45561','777','1.6 MT (105 л.с.)','1433637479','1485021989','1'
'111667','45561','777','1.6 MT 4WD (105 л.с.)','1433637479','1485021989','1'
'111628','45562','777','1.6 MT (105 л.с.)','1433637285','1485021656','1'
'111627','45562','777','1.6 MT 4WD (105 л.с.)','1433637285','1485021655','1'
'235290','51494','763','2.0 CVT AWD (150 л.с.)','1503415549',NULL,'1'
'170106','6372','774','1.5 AT 4WD (120 л.с.)','1437607705','1485010902','1'
'170402','45834','753','2.4 CVT (185 л.с.)','1439934865','1498029770','1'
'170403','45834','753','2.4 MT (185 л.с.)','1439934865','1498029767','1'
'170404','45834','753','3.5 AT (278 л.с.)','1439934865','1498029772','1'
'170405','45834','753','3.5 MT (278 л.с.)','1439934865','1498029774','1'
'170559','45880','2112','2.5 AT (222 л.с.)','1439935085','1485022842','1'
'170563','45880','2112','3.7 AT AWD (333 л.с.)','1439935085','1485022844','1'
'170564','45880','2112','5.6 AT AWD (408 л.с.)','1439935085','1485022848','1'
'170567','45881','2112','2.5 AT (222 л.с.)','1439935087','1485022851','1'
'170570','45881','2112','3.7 AT AWD (333 л.с.)','1439935087','1485022853','1'
'170572','45881','2112','5.6 AT AWD (408 л.с.)','1439935087','1485022857','1'
'170830','1052','771','3.0 AT (250 л.с.)','1443128251','1484997916','1'
'170831','1052','771','3.0 AT 4WD (250 л.с.)','1443128251','1484997915','1'
'172555','6347','761','1.5 MT (130 л.с.)','1445059769','1485010803','1'
'171460','6402','795','2.2 AT (160 л.с.)','1443142808','1485010957','1'
'171071','3428','768','1.6 AT 4WD (120 л.с.)','1443134504','1485002590','1'
'171073','3428','768','1.6 MT 4WD (120 л.с.)','1443134505','1485002591','1'
'171074','3446','795','2.2 AT (135 л.с.)','1443134584','1485002623','1'
'171075','3446','795','2.2 AT (160 л.с.)','1443134584','1485002624','1'
'171076','3446','795','2.2 MT (135 л.с.)','1443134585','1485002626','1'
'171077','3446','795','2.2 MT (160 л.с.)','1443134585','1485002626','1'
'171078','3446','795','2.2 MT (220 л.с.)','1443134586','1485002627','1'
'172571','6349','761','1.6 MT (150 л.с.)','1445059811','1485010825','1'
'171395','6306','753','2.2 СTDi MT (140 л.с.)','1443142480','1485010694','1'
'171441','6348','761','1.6 AT 4WD (120 л.с.)','1443142638','1505778683','1'
'171446','6348','761','1.6 MT 4WD (120 л.с.)','1443142641','1505778685','1'
'171448','6348','761','1.5 MT (130 л.с.)','1443142642','1485010813','1'
'171450','6348','761','1.6 MT (160 л.с.)','1443142643','1485010816','1'
'171461','6402','795','2.2 AT (200 л.с.)','1443142808','1485010958','1'
'171462','6402','795','2.2 MT (160 л.с.)','1443142809','1485010961','1'
'171463','6402','795','2.2 MT (200 л.с.)','1443142809','1485010960','1'
'171726','14967','804','1.7 AT (130 л.с.)','1443150400','1485019299','1'
'171727','14967','804','1.7 AT 4WD (130 л.с.)','1443150400','1485019299','1'
'171728','14967','804','2.0 AT 4WD (158 л.с.)','1443150401','1485019300','1'
'171729','14967','804','2.0 CVT (156 л.с.)','1443150402','1485019302','1'
'171786','15281','761','1.7 CTDi MT (100 л.с.)','1443151804','1485020531','1'
'172549','6347','761','1.3 AT (85 л.с.)','1445059768','1485010798','1'
'172561','6349','761','1.5 AT (100 л.с.)','1445059807','1485010821','1'
'172756','8615','790','2.4 AT 4WD (190 л.с.)','1445067872','1485015754','1'
'172563','6349','761','1.5 MT (105 л.с.)','1445059808','1485010823','1'
'172557','6347','761','1.6 AT (155 л.с.)','1445059770','1485010805','1'
'172559','6349','761','1.3 AT (75 л.с.)','1445059806','1485010819','1'
'172826','14939','753','3.0 AT (249 л.с.)','1445071392','1498025211','1'
'172824','14939','753','2.0 CVT (145 л.с.)','1445071392','1500612048','1'
'172825','14939','753','2.4 CVT (188 л.с.)','1445071392','1498025209','1'
'172552','6347','761','1.5 AT (130 л.с.)','1445059768','1485010799','1'
'172551','6347','761','1.5 AT (100 л.с.)','1445059768','1485010799','1'
'172550','6347','761','1.3 MT (85 л.с.)','1445059768','1485010799','1'
'172556','6347','761','1.5 MT (94 л.с.)','1445059769','1485010801','1'
'172558','6347','761','1.6 MT (170 л.с.)','1445059770','1485010805','1'
'172586','6411','801','2.5 AT (190 л.с.)','1445060056','1485010966','1'
'172757','8615','790','2.4 AT (200 л.с.)','1445067872','1485015755','1'
'172570','6349','761','1.6 MT (130 л.с.)','1445059810','1485010824','1'
'172554','6347','761','1.5 MT (100 л.с.)','1445059769','1485010802','1'
'174262','8617','790','2.2 AT (145 л.с.)','1448517367','1485015615','1'
'174513','1074','791','2.0 AT (145 л.с.)','1450400086','1484997925','1'
'174514','1074','791','2.0 AT 4WD (145 л.с.)','1450400086','1484997925','1'
'174314','45563','794','3.0 V6 AT (249 л.с.)','1448524031','1505787899','1'
'174496','46444','19516','2.0 DCT AWD (211 л.с.)','1448526603','1485023772','1'
'174261','8617','790','2.2 AT 4WD (145 л.с.)','1448517367','1485015614','1'
'174205','6378','780','1.6 AT (105 л.с.)','1448512451','1485010915','1'
'174206','6378','780','1.6 MT (105 л.с.)','1448512451','1485010916','1'
'174497','46444','19516','2.1 D DCT AWD (170 л.с.)','1448526603','1485023775','1'
'175459','46548','791','2.0 MT (150 л.с.)','1453067906','1485023484','1'
'175457','46548','791','2.0 AT (150 л.с.)','1453067906','1485023483','1'
'175443','46551','870','3.0 V6 AT AWD (405 л.с.)','1452995777','1487669998','1'
'175456','46548','791','2.0 AT 4WD (150 л.с.)','1453067906','1485023482','1'
'175710','45399','763','2.0 MT 4x4 (150 л.с.)','1455693961','1485021859','1'
'176113','1046','765','1.5 CVT (114 л.с.)','1462308983','1484997910','1'
'176114','1057','776','1.5 CVT 7 мест (88 л.с.)','1462309000','1484997920','1'
'176115','1057','776','1.5 CVT (88 л.с.)','1462309000','1484997920','1'
'176116','1083','800','2.2 MT (237 л.с.)','1462309022','1484997932','1'
'176117','1090','807','1.8 MT (140 л.с.)','1462309031','1484997938','1'
'176118','1090','807','2.0 AT (145 л.с.)','1462309032','1484997939','1'
'177168','3425','763','2.4 AT (187 л.с.)','1462315129','1485002584','1'
'177176','3433','778','1.3 CVT (88 л.с.)','1462315148','1485002597','1'
'179260','6297','753','2.0 MT (156 л.с.)','1462324366','1485010673','1'
'179261','6298','753','2.0 MT (156 л.с.)','1462324369','1485010677','1'
'179262','6298','753','2.0 AT (156 л.с.)','1462324369','1485010676','1'
'179269','6303','753','Type S 2.4 MT (190 л.с.)','1462324390','1485010688','1'
'179270','6303','753','Type S 2.4 AT (190 л.с.)','1462324390','1485010688','1'
'179275','6305','753','2.0 AT (135 л.с.)','1462324397','1485010691','1'
'179276','6305','753','2.2 MT (190 л.с.)','1462324397','1485010692','1'
'179277','6305','753','2.2 AT (145 л.с.)','1462324397','1485010692','1'
'179279','6306','753','2.0 MT (155 л.с.)','1462324399','1485010694','1'
'179280','6306','753','2.0 AT (155 л.с.)','1462324399','1485010693','1'
'179285','6306','753','Type S 2.4 MT (190 л.с.)','1462324402','1485010695','1'
'179286','6306','753','Type S 2.4 AT (190 л.с.)','1462324402','1485010695','1'
'179287','6307','753','1.6 MT (115 л.с.)','1462324404','1485010696','1'
'179288','6307','753','1.8 MT (136 л.с.)','1462324404','1485010697','1'
'179289','6307','753','1.8 AT (136 л.с.)','1462324405','1485010696','1'
'179292','6307','753','2.0 MT (147 л.с.)','1462324407','1485010698','1'
'179293','6307','753','2.0 AT (147 л.с.)','1462324407','1485010697','1'
'179294','6307','753','2.0 AT CF9 (147 л.с.)','1462324408','1487657401','1'
'179298','6307','753','2.2  MT Type-R (212 л.с.)','1462324410','1485010698','1'
'179301','6308','753','2.0 MT 4WD (148 л.с.)','1462324412','1485010702','1'
'179302','6308','753','2.0 AT (150 л.с.)','1462324412','1485010700','1'
'179308','6310','753','2.0 MT (115 л.с.)','1462324416','1485010704','1'
'179310','6310','753','2.0 MT (131 л.с.)','1462324417','1485010703','1'
'179311','6310','753','2.0 AT (131 л.с.)','1462324418','1485010703','1'
'179316','6310','753','2.3 MT (158 л.с.)','1462324421','1485010704','1'
'179357','6331','761','2.4 MT (204 л.с.)','1462324487','1485010725','1'
'179358','6332','761','1.8 AT (142 л.с.)','1462324488','1485010727','1'
'179361','6332','761','1.4 MT (100 л.с.)','1462324489','1485010726','1'
'179362','6332','761','1.8 MT (142 л.с.)','1462324489','1505778618','1'
'179363','6332','761','1.6 i-DTEC MT (120 л.с.)','1462324490','1485010727','1'
'179364','6332','761','2.2 i-DTEC MT (150 л.с.)','1462324490','1485010745','1'
'179374','6336','761','1.8 MT (140 л.с.)','1462324499','1485010748','1'
'179375','6336','761','1.8 AT (140 л.с.)','1462324499','1485010747','1'
'179377','6337','761','1.8 I-SHIFT (140 л.с.)','1462324501','1503365072','1'
'179380','6337','761','1.8 MT (140 л.с.)','1462324502','1485010750','1'
'179383','6337','761','2.2 CTDI MT (140 л.с.)','1462324504','1485010760','1'
'179384','6340','761','1.6 MT (110 л.с.)','1462324517','1485010768','1'
'179385','6340','761','1.6 AT (110 л.с.)','1462324518','1485010767','1'
'179386','6340','761','1.7 TDI MT (100 л.с.)','1462324518','1485010769','1'
'179387','6341','761','1.8 AT (142 л.с.)','1462324519','1485010770','1'
'179388','6341','761','1.8 MT (142 л.с.)','1462324519','1485010771','1'
'179390','6342','761','1.8 MT (142 л.с.)','1462324521','1505778647','1'
'179392','6342','761','1.8 AT (142 л.с.)','1462324522','1505778645','1'
'179396','6343','761','1.5 CVT (105 л.с.)','1462324527','1485010782','1'
'179397','6343','761','1.5 MT (105 л.с.)','1462324528','1485010780','1'
'179398','6343','761','1.6 AT (155 л.с.)','1462324531','1485010783','1'
'179399','6343','761','1.6 MT (170 л.с.)','1462324532','1485010784','1'
'179410','6344','761','1.8 MT (140 л.с.)','1462324538','1485010786','1'
'179414','6345','761','1.7 MT (120 л.с.)','1462324541','1485010791','1'
'179415','6345','761','1.7 AT (120 л.с.)','1462324541','1485010787','1'
'179433','6348','761','1.5 MT (114 л.с.)','1462324564','1485010813','1'
'179434','6348','761','1.5 AT (114 л.с.)','1462324564','1485010808','1'
'179435','6348','761','1.5 CVT (130 л.с.)','1462324565','1485010814','1'
'179436','6348','761','1.6 MT (170 л.с.)','1462324567','1485010817','1'
'179438','6348','761','1.6 AT (155 л.с.)','1462324569','1485010816','1'
'179439','6351','761','1.3 AT (85 л.с.)','1462324638','1485010825','1'
'179440','6351','761','1.3 MT  (85 л.с.)','1462324639','1485010826','1'
'179441','6351','761','1.5 MT (94 л.с.)','1462324640','1485010829','1'
'179442','6351','761','1.5 AT (100 л.с.)','1462324641','1485010827','1'
'179443','6351','761','1.5 MT (100 л.с.)','1462324641','1485010830','1'
'179444','6351','761','1.5 AT (130 л.с.)','1462324642','1485010826','1'
'179445','6351','761','1.6 MT (125 л.с.)','1462324642','1485010834','1'
'179446','6351','761','1.6 AT 4WD (105 л.с.)','1462324642','1485010831','1'
'179447','6351','761','1.6 MT 4WD (105 л.с.)','1462324643','1485010833','1'
'179448','6351','761','1.6 AT (155 л.с.)','1462324643','1485010832','1'
'179449','6351','761','1.6 MT 4WD (130 л.с.)','1462324644','1485010833','1'
'179450','6351','761','1.6 AT 4WD (130 л.с.)','1462324644','1485010831','1'
'179451','6351','761','1.6 MT (160 л.с.)','1462324645','1485010832','1'
'179455','6353','761','1.4 AT (90 л.с.)','1462324651','1485010835','1'
'179456','6353','761','1.4 MT (90 л.с.)','1462324652','1485010835','1'
'179457','6353','761','1.5 MT (90 л.с.)','1462324652','1485010839','1'
'179458','6353','761','1.5 AT (90 л.с.)','1462324653','1485010836','1'
'179459','6353','761','1.5 MT (100 л.с.)','1462324653','1485010838','1'
'179460','6353','761','1.5 AT (100 л.с.)','1462324654','1485010837','1'
'179461','6353','761','1.5 MT 4WD (100 л.с.)','1462324654','1485010837','1'
'179462','6353','761','1.6 MT (107 л.с.)','1462324654','1485010841','1'
'179464','6353','761','1.6 MT (120 л.с.)','1462324655','1485010841','1'
'179465','6353','761','1.6 AT (120 л.с.)','1462324656','1485010840','1'
'179466','6353','761','1.6 AT 4WD (120 л.с.)','1462324656','1485010840','1'
'179467','6353','761','1.6 MT 4WD (120 л.с.)','1462324657','1485010842','1'
'179479','6354','761','1.5 MT  (90 л.с.)','1462324662','1485010864','1'
'179481','6354','761','1.6 MT (113 л.с.)','1462324663','1485010865','1'
'179482','6354','761','1.6 AT (113 л.с.)','1462324664','1485010864','1'
'179483','6354','761','1.6 MT (126 л.с.)','1462324664','1485010865','1'
'179496','6386','783','2.7 AT (180 л.с.)','1462324802','1485010931','1'
'179498','6388','783','3.2 MT (205 л.с.)','1462324804','1485010935','1'
'179499','6388','783','3.2 AT (205 л.с.)','1462324804','1485010934','1'
'179500','6388','783','3.2 AT (215 л.с.)','1462324805','1485010934','1'
'181293','8613','779','2.0 MT (160 л.с.)','1462331547','1485016024','1'
'181294','8613','779','2.0 AT (160 л.с.)','1462331547','1485016023','1'
'182001','14940','753','2.0 MT (156 л.с.)','1462334604','1485019233','1'
'182002','14940','753','2.0 AT (156 л.с.)','1462334605','1485019232','1'
'182003','14943','753','2.4 AT (190 л.с.)','1462334616','1500612880','1'
'182004','14943','753','2.4 MT (190 л.с.)','1462334617','1500612881','1'
'182007','46874','753','2.4 MT (160 л.с.)','1462334622','1485019246','1'
'182008','46874','753','2.4 AT (160 л.с.)','1462334623','1485019245','1'
'182011','14945','763','2.4 AT (182 л.с.)','1462334628','1485019253','1'
'182012','14948','778','1.3 CVT (88 л.с.)','1462334640','1485019277','1'
'182013','14948','778','1.5 CVT (111 л.с.)','1462334641','1485019277','1'
'184421','46875','753','2.3 AT (150 л.с.)','1462344210','1485024502','1'
'184427','46876','753','2.0 MT (115 л.с.)','1462344214','1485024504','1'
'184428','46876','753','2.2 MT (150 л.с.)','1462344214','1485024507','1'
'184429','46876','753','2.2 AT (150 л.с.)','1462344215','1485024504','1'
'184432','47221','761','1.6 MT (116 л.с.)','1462344218','1485024512','1'
'184433','47221','761','1.6 AT (116 л.с.)','1462344218','1485024511','1'
'184435','47221','761','1.6 MT (125 л.с.)','1462344219','1485024512','1'
'184436','47221','761','1.6 AT (125 л.с.)','1462344220','1485024510','1'
'184447','47223','761','1.6 MT (120 л.с.)','1462344226','1485024516','1'
'184448','47223','761','1.6 AT (120 л.с.)','1462344227','1485024515','1'
'184449','47223','761','1.6 MT 4WD (120 л.с.)','1462344227','1485024516','1'
'184450','47223','761','1.6 AT 4WD (120 л.с.)','1462344228','1485024514','1'
'184463','47222','761','1.5 MT (102 л.с.)','1462344236','1485024517','1'
'184464','47222','761','1.5 AT (102 л.с.)','1462344236','1485024517','1'
'184465','47222','761','1.6 AT (125 л.с.)','1462344237','1485024518','1'
'184466','47222','761','1.6 MT (125 л.с.)','1462344237','1485024519','1'
'184470','47222','761','1.6 MT (130 л.с.)','1462344239','1485024518','1'
'184480','47228','783','2.5 MT (173 л.с.)','1462344246','1485024519','1'
'184482','47228','783','2.7 MT (169 л.с.)','1462344247','1485024520','1'
'187101','47220','756','2.3 AT (150 л.с.)','1462346397','1485026913','1'
'187102','47220','756','2.3 AT AWD (150 л.с.)','1462346398','1485026912','1'
'187103','47220','756','3.0 AT (215 л.с.)','1462346398','1485026913','1'
'187104','47220','756','3.0 AT AWD (215 л.с.)','1462346399','1485026914','1'
'187105','47227','771','2.4 AT (160 л.с.)','1462346400','1485026915','1'
'187106','47227','771','2.4 AT 4WD (160 л.с.)','1462346401','1485026914','1'
'187109','47227','771','3.0 AT (250 л.с.)','1462346402','1485026916','1'
'187110','47227','771','3.0 AT 4WD (250 л.с.)','1462346403','1485026916','1'
'187112','47229','784','0.7 T AT 4WD (64 л.с.)','1462346407','1485026917','1'
'187115','47231','787','1.5 CVT (90 л.с.)','1462346409','1485026920','1'
'187116','47231','787','1.5 CVT 4WD (90 л.с.)','1462346410','1485026919','1'
'187120','47233','798','3.5 AT (250 л.с.)','1462346413','1485026920','1'
'187121','47234','800','2.0 MT (237 л.с.)','1462346414','1485026921','1'
'187122','47234','800','2.0 MT (247 л.с.)','1462346415','1485026921','1'
'187859','1046','765','1.5 МТ (114 л.с.)','1463946306','1484997909','1'
'187860','1050','769','2.4 AT  (162 л.с.)','1463946309','1484997914','1'
'187861','1083','800','2.0 MT GT UK (237 л.с.)','1463946431','1484997930','1'
'187862','1083','800','2.0 MT Ultimate Edition (237 л.с.)','1463946431','1484997931','1'
'187863','1083','800','2.0 MT (239 л.с.)','1463946431','1484997931','1'
'187864','1088','805','0.7 AT AWD (52 л.с.)','1463946434','1484997934','1'
'187865','1088','805','0.7 AT Turbo AWD (64 л.с.)','1463946434','1484997935','1'
'187866','1090','807','2.0 AT 4WD (148 л.с.)','1463946547','1484997940','1'
'187887','1159','861','EX25 AT AWD (222 л.с.)','1463946785','1484998028','1'
'187888','1159','861','EX35 AT (301 л.с.)','1463946786','1484998031','1'
'187889','1159','861','EX35 AT 4WD (301 л.с.)','1463946786','1484998031','1'
'187890','1159','861','EX35 AT AWD (302 л.с.)','1463946786','1484998030','1'
'187891','1159','861','EX37 AT AWD (330 л.с.)','1463946786','1484998032','1'
'187892','1165','865','J30 AT (200 л.с.)','1463946787','1484998034','1'
'187893','1165','865','J30 AT (213 л.с.)','1463946787','1484998034','1'
'187894','1166','866','JX35 CVT (262 л.с.)','1463946788','1484998035','1'
'187895','1166','866','JX35 CVT AWD (262 л.с.)','1463946788','1498005440','1'
'187896','1169','869','2.2 TD AT (170 л.с.)','1463946794','1484998052','1'
'187897','1169','869','2.2 TD MT (170 л.с.)','1463946794','1484998052','1'
'187898','1169','869','3.7 AT (328 л.с.)','1463946794','1484998059','1'
'187899','1169','869','3.7 AT AWD (328 л.с.)','1463946794','1484998060','1'
'188978','3420','759','1.3 AT (100 л.с.)','1464000797','1485002551','1'
'188979','3420','759','1.5 AT (120 л.с.)','1464000797','1485002552','1'
'188986','3425','763','1.6 i-DTEC MT (120 л.с.)','1464000936','1485002565','1'
'188989','3436','782','1.4 MT (100 л.с.)','1464001036','1485002603','1'
'188990','3436','782','1.4 I-SHIFT (100 л.с.)','1464001036','1485002603','1'
'188991','3436','782','1.5 AT (120 л.с.)','1464001036','1485002604','1'
'188992','3436','782','1.5 MT (120 л.с.)','1464001036','1485002604','1'
'188993','3439','785','1.3 CVT (66 л.с.)','1464001050','1485002609','1'
'188994','3439','785','1.3 CVT (91 л.с.)','1464001050','1485002610','1'
'188995','3440','785','1.3i MT (65 л.с.)','1464001060','1485002611','1'
'188996','3440','785','1.3i CVT (65 л.с.)','1464001060','1485002612','1'
'188997','3440','785','1.3 CVT (66 л.с.)','1464001060','1485002613','1'
'188998','3443','792','1.5 AT 4WD 5 мест (90 л.с.)','1464001068','1485002616','1'
'188999','3443','792','1.5 AT 5 мест (90 л.с.)','1464001068','1485002616','1'
'189000','3446','795','2.2 AT 4WS (160 л.с.)','1464001167','1485002623','1'
'189001','3446','795','2.2 AT 4WS (200 л.с.)','1464001167','1485002625','1'
'189002','3446','795','2.2 MT 4WS (160 л.с.)','1464001167','1485002627','1'
'189047','3490','862','FX30  D AT AWD (238 л.с.)','1464002009','1485002938','1'
'189048','3490','862','FX37 AT AWD (333 л.с.)','1464002018','1485002948','1'
'189049','3490','862','FX50 AT AWD (400 л.с.)','1464002031','1485002958','1'
'189050','3494','864','G25 AT (222 л.с.)','1464002037','1485002961','1'
'189051','3494','864','G37 AT AWD (330 л.с.)','1464002041','1485002967','1'
'189052','3495','867','M37 AT AWD (333 л.с.)','1464002049','1485002973','1'
'189053','3495','867','M56 AT AWD (408 л.с.)','1464002051','1485002975','1'
'190739','6302','753','3.0 AT (240 л.с.)','1464018249','1485010685','1'
'190740','6302','753','3.0 Hybrid AT (255 л.с.)','1464018249','1485010685','1'
'190741','6302','753','3.0 MT (240 л.с.)','1464018249','1485010686','1'
'190742','6303','753','2.0 AT (155 л.с.)','1464018255','1485010686','1'
'190743','6303','753','2.0 MT (155 л.с.)','1464018255','1485010687','1'
'190744','6303','753','2.2 TDI MT (140 л.с.)','1464018255','1485010687','1'
'190745','6304','753','2.3 AT (200 л.с.)','1464018259','1485010689','1'
'190746','6304','753','2.3 AT 4WD (158 л.с.)','1464018259','1485010690','1'
'190747','6305','753','1.8 AT (125 л.с.)','1464018267','1485010690','1'
'190748','6305','753','2.2 AT (190 л.с.)','1464018267','1485010691','1'
'190749','6308','753','1.8 AT (140 л.с.)','1464018290','1485010699','1'
'190750','6308','753','1.8 MT (140 л.с.)','1464018290','1485010699','1'
'190751','6308','753','2.0 AT (180 л.с.)','1464018290','1485010700','1'
'190752','6308','753','2.0 MT (200 л.с.)','1464018290','1485010701','1'
'190753','6308','753','2.0 MT (150 л.с.)','1464018290','1485010701','1'
'190754','6311','753','2.0 MT (115 л.с.)','1464018301','1485010705','1'
'190755','6312','753','2.0 AT (136 л.с.)','1464018312','1485010706','1'
'190756','6312','753','2.0 MT (136 л.с.)','1464018312','1485010707','1'
'190757','6312','753','2.2 AT (145 л.с.)','1464018312','1485010707','1'
'190758','6312','753','2.2 AT (147 л.с.)','1464018312','1485010709','1'
'190759','6312','753','2.2 AT (190 л.с.)','1464018312','1485010708','1'
'190760','6312','753','2.2 AT (132 л.с.)','1464018312','1485010709','1'
'190761','6312','753','2.2 MT (147 л.с.)','1464018312','1485010712','1'
'190762','6312','753','2.2 MT (132 л.с.)','1464018312','1485010711','1'
'190763','6314','753','1.8 AT (136 л.с.)','1464018318','1485010712','1'
'190764','6314','753','1.8 MT (136 л.с.)','1464018318','1485010713','1'
'190765','8601','759','1.5 CNG AT (102 л.с.)','1464018328','1485010715','1'
'190766','8601','759','1.5 AT (120 л.с.)','1464018328','1485010716','1'
'190767','8601','759','1.5 MT (120 л.с.)','1464018328','1485010716','1'
'190768','6327','761','1.5 CVT (93 л.с.)','1464018330','1485010717','1'
'190769','6330','761','1.8 AT (141 л.с.)','1464018428','1498017977','1'
'190770','6330','761','1.8 MT (141 л.с.)','1464018432','1505778608','1'
'190771','6333','761','2.0 MT (197 л.с.)','1464018454','1485010746','1'
'190772','6334','761','1.5 CVT (91 л.с.)','1464018456','1485010746','1'
'190773','6335','761','2.4 MT (202 л.с.)','1464018457','1485010747','1'
'190774','6337','761','1.4 MT (83 л.с.)','1464018467','1485010749','1'
'190775','6337','761','1.4 I-SHIFT (83 л.с.)','1464018467','1485010749','1'
'190776','6340','761','1.5 AT (105 л.с.)','1464018558','1485010765','1'
'190777','6340','761','1.5 AT (115 л.с.)','1464018558','1485010766','1'
'190778','6340','761','1.5 AT 4WD (115 л.с.)','1464018558','1485010766','1'
'190779','6340','761','1.5 CVT (105 л.с.)','1464018558','1485010767','1'
'190780','6340','761','1.7 AT 4WD (130 л.с.)','1464018558','1485010768','1'
'190781','6340','761','1.7 CVT (130 л.с.)','1464018558','1485010769','1'
'190782','6340','761','2.0 MT Type-S (160 л.с.)','1464018558','1485010770','1'
'190783','6342','761','2.0 AT (155 л.с.)','1464018567','1485010777','1'
'190784','6344','761','1.4 I-SHIFT (100 л.с.)','1464018593','1485010786','1'
'190785','6344','761','1.8 I-SHIFT (140 л.с.)','1464018593','1485010787','1'
'190786','6345','761','1.7 AT (118 л.с.)','1464018603','1485010788','1'
'190787','6345','761','1.7 AT (129 л.с.)','1464018603','1485010789','1'
'190788','6345','761','1.7 MT (118 л.с.)','1464018603','1485010790','1'
'190789','6345','761','1.7 MT (129 л.с.)','1464018603','1485010790','1'
'190790','6345','761','1.7 CVT (118 л.с.)','1464018603','1485010792','1'
'190791','6346','761','1.8 AT (140 л.с.)','1464018607','1505778664','1'
'190792','6346','761','1.8 MT (140 л.с.)','1464018608','1505778666','1'
'190793','6346','761','2.0 AT (155 л.с.)','1464018609','1485010797','1'
'190794','6347','761','1.5VEi MT (90 л.с.)','1464018628','1485010803','1'
'190795','6348','761','1.3 AT (91 л.с.)','1464018648','1485010806','1'
'190796','6348','761','1.3 MT (91 л.с.)','1464018648','1485010807','1'
'190797','6348','761','1.5 CVT (105 л.с.)','1464018648','1485010814','1'
'190798','6348','761','1.6 CVT (120 л.с.)','1464018648','1485010818','1'
'190799','6349','761','1.4 AT (82 л.с.)','1464018677','1485010818','1'
'190800','6349','761','1.4 MT (82 л.с.)','1464018677','1485010819','1'
'190801','6351','761','1.5 MT (130 л.с.)','1464018701','1485010830','1'
'190802','6351','761','1.6 MT (170 л.с.)','1464018701','1485010834','1'
'190803','6353','761','1.5 AT (91 л.с.)','1464018721','1485010836','1'
'190804','6353','761','1.5 MT (91 л.с.)','1464018721','1485010838','1'
'190805','6354','761','1.4 AT (90 л.с.)','1464018729','1485010863','1'
'190806','6354','761','1.4 MT (90 л.с.)','1464018729','1485010863','1'
'190807','6358','763','2.4 AT 4WD (166 л.с.)','1464018741','1498018089','1'
'190808','6358','763','2.4 AT 4WD (170 л.с.)','1464018741','1485010869','1'
'190809','6358','763','2.4 AT (170 л.с.)','1464018741','1498018090','1'
'190810','6359','763','2.0 AT (158 л.с.)','1464018792','1485010871','1'
'190813','6366','768','1.5 AT (94 л.с.)','1464018841','1485010887','1'
'190814','6366','768','1.5 MT (94 л.с.)','1464018841','1485010888','1'
'190815','6366','768','1.8 AT 4WD (120 л.с.)','1464018841','1485010891','1'
'190816','6366','768','1.8 MT 4WD (120 л.с.)','1464018841','1485010892','1'
'190819','6372','774','1.3 AT 4WD (100 л.с.)','1464018864','1485010900','1'
'190820','6381','780','1.6 AT (118 л.с.)','1464018953','1485010927','1'
'190821','6381','780','1.6 MT (118 л.с.)','1464018953','1485010928','1'
'190822','6383','782','1.4 MT (83 л.с.)','1464018957','1485010930','1'
'190823','6383','782','1.4 CVT (83 л.с.)','1464018957','1485010930','1'
'190824','6387','783','3.2 AT (215 л.с.)','1464018967','1485010932','1'
'190825','6387','783','3.2 AT (235 л.с.)','1464018967','1485010932','1'
'190826','6387','783','3.2 AT (205 л.с.)','1464018967','1485010933','1'
'190827','6387','783','3.2 MT (205 л.с.)','1464018967','1485010933','1'
'190828','6390','784','0.7 T AT (64 л.с.)','1464018980','1485010937','1'
'190829','6390','784','0.7 AT 4WD (52 л.с.)','1464018980','1485010937','1'
'190830','6390','784','0.7 AT (52 л.с.)','1464018980','1485010938','1'
'190835','6399','792','1.3 AT 5 мест (91 л.с.)','1464019008','1485010944','1'
'190836','6399','792','1.3 MT 5 мест (91 л.с.)','1464019008','1485010946','1'
'190837','6399','792','1.5 AT 5 мест (105 л.с.)','1464019008','1485010946','1'
'190838','6399','792','1.5 MT 5 мест (105 л.с.)','1464019008','1485010947','1'
'190839','6399','792','1.6 AT 4WD (120 л.с.)','1464019008','1485010949','1'
'190840','6399','792','1.6 MT 4WD 5 мест (120 л.с.)','1464019008','1485010950','1'
'190841','6400','793','2.6 MT (122 л.с.)','1464019018','1485010950','1'
'190842','6400','793','3.2 AT 4WD (177 л.с.)','1464019018','1485010952','1'
'190843','6400','793','3.2 AT (192 л.с.)','1464019019','1485010952','1'
'190844','6400','793','3.2 MT 4WD (177 л.с.)','1464019019','1485010954','1'
'190845','6400','793','3.2 MT 4WD (192 л.с.)','1464019019','1485010955','1'
'190846','6402','795','2.2 AT 4WS (160 л.с.)','1464019037','1485010957','1'
'190847','6402','795','2.2 AT (130 л.с.)','1464019037','1485010958','1'
'190848','6402','795','2.2 MT 4WS (200 л.с.)','1464019037','1485010959','1'
'190849','6402','795','2.2 MT 4WS (160 л.с.)','1464019037','1485010960','1'
'190850','6402','795','2.2 MT (130 л.с.)','1464019037','1485010961','1'
'190852','6415','803','2.0 AT 4WD (135 л.с.)','1464019108','1485010971','1'
'190853','6415','803','2.0 AT (135 л.с.)','1464019108','1485010971','1'
'190892','6497','864','G35 AT (306 л.с.)','1464019586','1485011109','1'
'190893','6497','864','G35 X AT AWD (306 л.с.)','1464019586','1485011110','1'
'190894','6497','864','G35 X MT AWD (306 л.с.)','1464019586','1485011110','1'
'190895','6497','864','G35 MT (306 л.с.)','1464019586','1485011111','1'
'190896','6497','864','G37 X AT AWD (320 л.с.)','1464019586','1485011111','1'
'190897','6497','864','G37 AT (320 л.с.)','1464019586','1485011112','1'
'190898','6497','864','G37 MT (320 л.с.)','1464019586','1485011112','1'
'190899','6497','864','G37 X MT AWD (320 л.с.)','1464019586','1485011113','1'
'190900','6500','867','M25 AT (222 л.с.)','1464019590','1485011114','1'
'190901','6500','867','M37 AT AWD (333 л.с.)','1464019593','1485011116','1'
'190902','6500','867','M56 AT AWD (408 л.с.)','1464019597','1485011121','1'
'190903','6501','867','M45 AT (340 л.с.)','1464019602','1485011122','1'
'190904','6501','867','M45 AT (344 л.с.)','1464019602','1485011123','1'
'192345','8616','790','3.5 AT (213 л.с.)','1464029905','1485015686','1'
'192347','8600','758','1.5 AT (98 л.с.)','1464029971','1485015707','1'
'192348','8600','758','1.5 CVT 4WD (98 л.с.)','1464029971','1485015708','1'
'192544','8651','862','FX35 AT AWD (307 л.с.)','1464031705','1485016393','1'
'192545','8651','862','FX37 AT AWD (333 л.с.)','1464031705','1500609996','1'
'192546','8651','862','FX50 AT AWD (400 л.с.)','1464031709','1500610001','1'
'192588','8622','804','1.7 AT (130 л.с.)','1464032202','1485016746','1'
'192589','8622','804','2.0 AT (154 л.с.)','1464032202','1485016748','1'
'192666','8602','759','1.5 CVT (78 л.с.)','1464032708','1485016878','1'
'192667','8602','759','1.5 CVT (110 л.с.)','1464032708','1485016878','1'
'193025','14790','867','M45 AT (325 л.с.)','1464035198','1485018299','1'
'193026','14790','867','M45 AT AWD (325 л.с.)','1464035198','1485018299','1'
'193027','14790','867','M45 AT (339 л.с.)','1464035198','1485018300','1'
'193286','14942','753','3.0 AT (240 л.с.)','1464036807','1485019239','1'
'193287','14942','753','3.0 MT (240 л.с.)','1464036807','1498026099','1'
'193288','14943','753','2.0 AT (155 л.с.)','1464036814','1485019240','1'
'193289','14943','753','2.0 MT (155 л.с.)','1464036814','1485019240','1'
'193290','14943','753','2.2 СTDi MT (140 л.с.)','1464036814','1485019241','1'
'193291','14944','753','3.0 AT (244 л.с.)','1464036821','1485019244','1'
'193292','14944','753','3.0 Hybrid AT (253 л.с.)','1464036821','1485019244','1'
'193293','14944','753','3.0 MT (244 л.с.)','1464036821','1485019245','1'
'193294','46874','753','3.0 AT (240 л.с.)','1464036828','1485019246','1'
'193295','46874','753','3.0 MT (240 л.с.)','1464036828','1485019247','1'
'193296','14945','763','2.4 AT 4WD (166 л.с.)','1464036846','1485019254','1'
'193297','14945','763','2.4 AT 4WD (170 л.с.)','1464036847','1506977068','1'
'193298','14946','763','2.2i-CTDi 6MT 4WD (140 л.с.)','1464036859','1485019258','1'
'193299','14946','763','2.4 5AT 4WD (158 л.с.)','1464036859','1506977069','1'
'193300','14946','763','2.4 5AT (162 л.с.)','1464036859','1498026124','1'
'193301','14947','763','2.0 AT (148 л.с.)','1464036914','1485019263','1'
'193302','14947','763','2.0 AT (128 л.с.)','1464036914','1485019264','1'
'193303','14947','763','2.0 AT 4WD (147 л.с.)','1464036914','1485019274','1'
'193304','14947','763','2.0 AT 4WD (150 л.с.)','1464036914','1485019274','1'
'193305','14947','763','2.0 MT 4WD (147 л.с.)','1464036914','1485019276','1'
'193306','14956','782','1.4 MT (100 л.с.)','1464036943','1485019287','1'
'193307','14956','782','1.4 CVT (100 л.с.)','1464036944','1485019288','1'
'193308','14956','782','1.5 AT (120 л.с.)','1464036945','1485019290','1'
'193309','14957','782','1.4 MT (83 л.с.)','1464036953','1485019291','1'
'193310','14957','782','1.4 CVT (83 л.с.)','1464036953','1485019291','1'
'193311','14958','783','3.7 AT (307 л.с.)','1464036957','1485019293','1'
'193312','14958','783','3.7 AT (309 л.с.)','1464036957','1485019294','1'
'193539','15277','761','2.0 AT (155 л.с.)','1464039906','1485020455','1'
'193549','15279','761','1.4 MT (100 л.с.)','1464040084','1485020523','1'
'193550','15280','761','1.4 MT (100 л.с.)','1464040149','1485020527','1'
'193551','15280','761','1.4 I-SHIFT (100 л.с.)','1464040149','1485020528','1'
'193552','15282','761','1.7 AT (117 л.с.)','1464040165','1485020533','1'
'193553','15282','761','1.7 MT (129 л.с.)','1464040165','1485020533','1'
'193554','15282','761','1.7 MT (118 л.с.)','1464040165','1485020534','1'
'193555','15282','761','1.7 MT (117 л.с.)','1464040165','1498027455','1'
'193556','15282','761','1.7 CVT (118 л.с.)','1464040165','1485020536','1'
'193557','15283','761','1.7 AT 4WD (130 л.с.)','1464040174','1485020539','1'
'193558','15283','761','1.7 CVT (130 л.с.)','1464040174','1485020543','1'
'194574','46875','753','2.0 AT (147 л.с.)','1464048561','1485024501','1'
'194575','46875','753','2.0 MT (147 л.с.)','1464048561','1485024501','1'
'194576','46875','753','2.3 MT (150 л.с.)','1464048561','1485024502','1'
'194577','46875','753','3.0 AT (200 л.с.)','1464048561','1485024503','1'
'194578','46876','753','2.2 AT (132 л.с.)','1464048574','1485024506','1'
'194579','46876','753','2.2 AT (145 л.с.)','1464048574','1485024506','1'
'194580','46876','753','2.2 AT (190 л.с.)','1464048574','1485024505','1'
'194581','46876','753','2.2 AT (147 л.с.)','1464048574','1485024505','1'
'194582','46876','753','2.2 MT (147 л.с.)','1464048574','1485024507','1'
'194583','46876','753','2.2 MT (132 л.с.)','1464048574','1485024508','1'
'194584','47221','761','1.4 AT (90 л.с.)','1464048589','1485024508','1'
'194585','47221','761','1.4 MT (75 л.с.)','1464048589','1485024509','1'
'194586','47221','761','1.4 MT (90 л.с.)','1464048589','1485024509','1'
'194587','47221','761','1.5 MT (114 л.с.)','1464048589','1485024510','1'
'194588','47221','761','1.8 MT (169 л.с.)','1464048589','1485024513','1'
'194589','47221','761','2.0 TDI MT (105 л.с.)','1464048589','1485024513','1'
'194848','46872','753','1.8 AT (115 л.с.)','1464049950','1485025272','1'
'194849','46872','753','1.8 MT (115 л.с.)','1464049950','1485025272','1'
'194850','46872','753','2.0 AT (131 л.с.)','1464049950','1485025273','1'
'194851','46872','753','2.0 MT (131 л.с.)','1464049950','1485025274','1'
'194852','46872','753','2.0 TDI MT (105 л.с.)','1464049950','1485025273','1'
'194853','46872','753','2.2 AT (150 л.с.)','1464049950','1485025274','1'
'194854','46872','753','2.2 MT (150 л.с.)','1464049950','1485025275','1'
'195205','47229','784','0.7 T AT (64 л.с.)','1464052099','1485026917','1'
'195206','47229','784','0.7 AT 4WD (52 л.с.)','1464052099','1485026918','1'
'195207','47229','784','0.7 AT (52 л.с.)','1464052099','1485026918','1'
'199576','48135','753','2.3 AT (150 л.с.)','1464062180','1485031522','1'
'199577','48135','753','2.3 AT (137 л.с.)','1464062180','1485031523','1'
'199578','48135','753','2.3 AT (152 л.с.)','1464062180','1485031523','1'
'199579','48135','753','2.3 MT (152 л.с.)','1464062180','1485031525','1'
'199580','48135','753','2.3 MT (137 л.с.)','1464062180','1485031524','1'
'199581','48135','753','2.3 MT (150 л.с.)','1464062180','1485031524','1'
'199582','48135','753','3.0 AT (203 л.с.)','1464062180','1485031525','1'
'199583','48136','753','1.8 AT (140 л.с.)','1464062189','1485031526','1'
'199584','48136','753','1.8 MT (140 л.с.)','1464062189','1485031526','1'
'199585','48136','753','2.0 AT (150 л.с.)','1464062189','1485031528','1'
'199586','48136','753','2.0 AT (180 л.с.)','1464062189','1485031527','1'
'199587','48136','753','2.0 MT (150 л.с.)','1464062189','1485031529','1'
'199588','48136','753','2.0 MT 4WD (148 л.с.)','1464062189','1485031528','1'
'199589','48137','753','2.3 AT (160 л.с.)','1464062195','1485031531','1'
'199590','48137','753','2.3 AT (200 л.с.)','1464062195','1485031530','1'
'199591','48137','753','2.3 AT AWD (158 л.с.)','1464062195','1485031532','1'
'199592','48138','753','2.0 MT (220 л.с.)','1464062197','1485031532','1'
'199593','48139','753','2.0 AT (147 л.с.)','1464062209','1485031533','1'
'199594','48139','753','2.0 MT (147 л.с.)','1464062209','1485031534','1'
'199595','48139','753','2.3 AT (152 л.с.)','1464062209','1485031535','1'
'199596','48139','753','2.3 MT (152 л.с.)','1464062209','1485031535','1'
'199597','48139','753','2.3 AT (150 л.с.)','1464062209','1485031536','1'
'199598','48139','753','2.3 MT (150 л.с.)','1464062209','1485031538','1'
'199599','48139','753','3.0 AT (200 л.с.)','1464062209','1485031540','1'
'199600','48139','753','3.0 AT (203 л.с.)','1464062209','1485031539','1'
'199601','48140','753','2.3 AT (140 л.с.)','1464062218','1485031542','1'
'199602','48140','753','2.3 AT (150 л.с.)','1464062218','1485031541','1'
'199603','48140','753','2.3 MT (140 л.с.)','1464062218','1485031543','1'
'199604','48140','753','2.3 MT (150 л.с.)','1464062218','1485031542','1'
'199605','48140','753','3.0 AT (200 л.с.)','1464062218','1485031544','1'
'199606','48141','753','2.0 AT (136 л.с.)','1464062224','1485031545','1'
'199607','48141','753','2.0 MT (136 л.с.)','1464062224','1485031546','1'
'199608','48141','753','2.2 AT (150 л.с.)','1464062224','1485031546','1'
'199609','48141','753','2.2 MT (150 л.с.)','1464062224','1485031548','1'
'199610','48142','753','2.0 MT (115 л.с.)','1464062230','1485031549','1'
'199611','48142','753','2.2 AT (150 л.с.)','1464062230','1485031550','1'
'199612','48142','753','2.2 MT (150 л.с.)','1464062230','1485031550','1'
'199613','48143','753','1.8 AT (125 л.с.)','1464062287','1485031551','1'
'199614','48143','753','2.0 AT (135 л.с.)','1464062287','1485031551','1'
'199615','48143','753','2.2 AT (145 л.с.)','1464062287','1485031552','1'
'199616','48143','753','2.2 MT (190 л.с.)','1464062287','1485031553','1'
'199617','48152','754','1.5 CVT 4WD (110 л.с.)','1464062296','1485031553','1'
'199618','48152','754','1.5 CVT (110 л.с.)','1464062296','1485031555','1'
'199619','48153','756','2.3 AT (150 л.с.)','1464062344','1485031555','1'
'199620','48158','761','2.4 MT (201 л.с.)','1464062350','1485031557','1'
'199621','48159','761','1.8 AT (140 л.с.)','1464062353','1498038586','1'
'199622','48159','761','1.8 MT (140 л.с.)','1464062353','1498038586','1'
'199623','48160','761','2.0 MT (197 л.с.)','1464062355','1485031558','1'
'199624','48161','761','1.4 CVT (94 л.с.)','1464062357','1485031559','1'
'199625','48162','761','1.8 AT (140 л.с.)','1464062361','1498038588','1'
'199626','48162','761','1.8 MT (140 л.с.)','1464062361','1498038589','1'
'199627','48163','761','2.0 MT (197 л.с.)','1464062465','1485031560','1'
'199628','48164','761','2.0 MT (201 л.с.)','1464062466','1485031560','1'
'199629','48165','761','1.8 MT (140 л.с.)','1464062470','1485031562','1'
'199630','48165','761','1.8 I-SHIFT (140 л.с.)','1464062470','1485031563','1'
'199631','48165','761','2.2 CTDi MT (140 л.с.)','1464062470','1485031567','1'
'199632','6346','761','1.8 AT (142 л.с.)','1464062475','1485010794','1'
'199633','6346','761','1.8 CNG AT (115 л.с.)','1464062475','1485010794','1'
'199634','6346','761','1.8 MT (142 л.с.)','1464062475','1485010796','1'
'199635','48167','761','1.4 CVT (95 л.с.)','1464062477','1485031568','1'
'199636','48168','761','2.0 MT (197 л.с.)','1464062479','1485031570','1'
'199637','48169','761','2.0 MT (225 л.с.)','1464062481','1485031572','1'
'199638','48170','761','2.0 MT (201 л.с.)','1464062483','1505797668','1'
'199639','48171','761','2.0 6MT (215 л.с.)','1464062488','1485031575','1'
'199640','48171','761','2.0 6MT (200 л.с.)','1464062488','1485031576','1'
'199641','48172','761','2.0 MT (162 л.с.)','1464062490','1485031577','1'
'199642','48173','761','1.3 MT (85 л.с.)','1464062585','1485031577','1'
'199643','48173','761','1.3 CVT (85 л.с.)','1464062585','1485031578','1'
'199644','48174','761','1.4 AT (90 л.с.)','1464062607','1485031579','1'
'199645','48174','761','1.4 MT (90 л.с.)','1464062607','1485031580','1'
'199646','48174','761','1.5 AT (105 л.с.)','1464062607','1485031597','1'
'199647','48174','761','1.5 AT 4WD (105 л.с.)','1464062607','1485031598','1'
'199648','48174','761','1.5 MT (105 л.с.)','1464062607','1498038603','1'
'199649','48174','761','1.5 MT 4WD (105 л.с.)','1464062607','1485031600','1'
'199650','48174','761','1.6 AT (110 л.с.)','1464062607','1485031600','1'
'199651','48174','761','1.6 MT (110 л.с.)','1464062607','1485031601','1'
'199652','48174','761','1.7 AT (129 л.с.)','1464062607','1485031601','1'
'199653','48174','761','1.7 AT (117 л.с.)','1464062607','1485031603','1'
'199654','48174','761','1.7 AT 4WD (130 л.с.)','1464062607','1485031604','1'
'199655','48174','761','1.7 MT (130 л.с.)','1464062607','1485031604','1'
'199656','48174','761','1.7 MT (117 л.с.)','1464062607','1485031605','1'
'199657','48174','761','1.7 MT (129 л.с.)','1464062607','1485031606','1'
'199658','48174','761','1.7 CVT (130 л.с.)','1464062607','1485031606','1'
'199659','48174','761','1.7 CNG CVT (101 л.с.)','1464062607','1485031607','1'
'199660','48175','761','2.0 6MT (200 л.с.)','1464062611','1485031607','1'
'199661','48175','761','2.0 6MT (215 л.с.)','1464062611','1485031608','1'
'199662','48177','761','1.4 MT (93 л.с.)','1464062637','1485031609','1'
'199663','48177','761','1.4 AT (90 л.с.)','1464062637','1485031609','1'
'199664','48177','761','1.4 MT (90 л.с.)','1464062637','1485031610','1'
'199665','48177','761','1.5 AT 4WD (105 л.с.)','1464062637','1485031610','1'
'199666','48177','761','1.5 AT (105 л.с.)','1464062637','1485031611','1'
'199667','48177','761','1.5 AT 4WD (115 л.с.)','1464062637','1485031612','1'
'199668','48177','761','1.5 MT (105 л.с.)','1464062637','1485031612','1'
'199669','48177','761','1.5 MT 4WD (105 л.с.)','1464062637','1485031613','1'
'199670','48177','761','1.5 MT 4WD (115 л.с.)','1464062637','1485031613','1'
'199671','48177','761','1.5 CVT (105 л.с.)','1464062637','1485031614','1'
'199672','48177','761','1.6 AT (110 л.с.)','1464062637','1485031614','1'
'199673','48177','761','1.6 MT (110 л.с.)','1464062637','1485031615','1'
'199674','48177','761','1.7 AT (117 л.с.)','1464062637','1485031615','1'
'199675','48177','761','1.7 AT (130 л.с.)','1464062637','1485031616','1'
'199676','48177','761','1.7 MT (130 л.с.)','1464062637','1485031616','1'
'199677','48177','761','1.7 MT (117 л.с.)','1464062637','1485031617','1'
'199678','48177','761','1.7 CNG CVT (101 л.с.)','1464062637','1485031618','1'
'199679','48177','761','1.7 CVT (130 л.с.)','1464062637','1485031619','1'
'199680','48178','761','2.0 MT (162 л.с.)','1464062639','1485031619','1'
'199681','48179','761','1.4 AT (90 л.с.)','1464062655','1485031620','1'
'199682','48179','761','1.4 MT (90 л.с.)','1464062655','1485031622','1'
'199683','48179','761','1.4 MT (75 л.с.)','1464062655','1485031623','1'
'199684','48179','761','1.5 MT (115 л.с.)','1464062655','1485031623','1'
'199685','48179','761','1.6 AT (115 л.с.)','1464062655','1485031624','1'
'199686','48179','761','1.6 AT (125 л.с.)','1464062655','1485031624','1'
'199687','48179','761','1.6 MT (125 л.с.)','1464062655','1485031625','1'
'199688','48179','761','1.6 MT (115 л.с.)','1464062655','1485031625','1'
'199689','48179','761','1.8 MT (170 л.с.)','1464062655','1485031626','1'
'199690','48179','761','2.0 TD MT (86 л.с.)','1464062655','1485031626','1'
'199691','48179','761','2.0 TDi MT (105 л.с.)','1464062655','1485031627','1'
'199692','48180','761','1.6 AT (105 л.с.)','1464062663','1485031628','1'
'199693','48180','761','1.6 MT (105 л.с.)','1464062663','1485031628','1'
'199694','48180','761','1.6 MT (125 л.с.)','1464062663','1485031629','1'
'199695','48180','761','1.6 MT (160 л.с.)','1464062663','1485031629','1'
'199696','48180','761','1.6 CVT (120 л.с.)','1464062663','1485031630','1'
'199697','48181','761','1.4 AT (90 л.с.)','1464062680','1485031631','1'
'199698','48181','761','1.4 MT (90 л.с.)','1464062680','1485031631','1'
'199699','48181','761','1.5 AT (100 л.с.)','1464062680','1485031632','1'
'199700','48181','761','1.5 MT 4WD (100 л.с.)','1464062680','1485031632','1'
'199701','48181','761','1.5 MT (100 л.с.)','1464062680','1485031633','1'
'199702','48181','761','1.6 AT 4WD (110 л.с.)','1464062680','1485031633','1'
'199703','48181','761','1.6 AT (120 л.с.)','1464062680','1485031634','1'
'199704','48181','761','1.6 AT 4WD (120 л.с.)','1464062680','1485031635','1'
'199705','48181','761','1.6 MT (120 л.с.)','1464062680','1485031635','1'
'199706','48181','761','1.6 MT 4WD (116 л.с.)','1464062680','1485031636','1'
'199707','48181','761','1.6 MT 4WD (110 л.с.)','1464062680','1485031636','1'
'199708','48181','761','1.6 MT 4WD (120 л.с.)','1464062680','1485031637','1'
'199709','48182','761','1.6 AT (130 л.с.)','1464062685','1485031638','1'
'199710','48182','761','1.6 MT (130 л.с.)','1464062685','1485031638','1'
'199711','48182','761','1.6 MT (160 л.с.)','1464062685','1485031639','1'
'199712','48188','766','3.9 AT (180 л.с.)','1464062707','1485031640','1'
'199713','48189','766','3.9 AT (180 л.с.)','1464062710','1485031640','1'
'199714','48190','769','1.7 AT 4WD (130 л.с.)','1464062716','1485031641','1'
'199715','48190','769','1.7 AT (130 л.с.)','1464062716','1485031641','1'
'199716','48190','769','2.0 AT 4WD (156 л.с.)','1464062716','1485031642','1'
'199717','48190','769','2.0 AT (156 л.с.)','1464062716','1485031642','1'
'199718','48191','770','2.4 AT (166 л.с.)','1464062719','1485031643','1'
'199719','48191','770','2.4 MT (166 л.с.)','1464062719','1485031644','1'
'199720','48192','770','2.4 AT (166 л.с.)','1464062722','1485031644','1'
'199721','48192','770','2.4 MT (166 л.с.)','1464062722','1485031645','1'
'199722','48193','771','2.4 AT 4WD (160 л.с.)','1464062825','1485031646','1'
'199723','48193','771','2.4 AT (160 л.с.)','1464062825','1485031647','1'
'199724','48194','771','2.4 AT 4WD (160 л.с.)','1464062831','1485031647','1'
'199725','48194','771','2.4 AT (160 л.с.)','1464062831','1485031648','1'
'199726','48194','771','3.5 AT 4WD (279 л.с.)','1464062831','1485031648','1'
'199727','48194','771','3.5 AT (300 л.с.)','1464062831','1485031649','1'
'199728','48195','771','2.4 AT 4WD (160 л.с.)','1464062837','1485031650','1'
'199729','48195','771','2.4 AT (160 л.с.)','1464062837','1485031650','1'
'199730','48195','771','3.5 AT 4WD (300 л.с.)','1464062837','1485031651','1'
'199731','48195','771','3.5 AT (300 л.с.)','1464062837','1485031651','1'
'199732','48196','773','1.3 CVT (86 л.с.)','1464062843','1485031653','1'
'199733','48196','773','1.3 CVT 4WD (86 л.с.)','1464062843','1485031653','1'
'199734','48196','773','1.5 CVT 4WD (90 л.с.)','1464062843','1485031654','1'
'199735','48196','773','1.5 CVT (90 л.с.)','1464062843','1485031654','1'
'199736','48197','774','1.5 MT (132 л.с.)','1464062847','1485031655','1'
'199737','48197','774','1.5 CVT (132 л.с.)','1464062847','1485031656','1'
'199738','48198','774','1.3 CVT (88 л.с.)','1464062849','1485031656','1'
'199739','48199','774','1.5 MT (114 л.с.)','1464062854','1485031657','1'
'199740','48199','774','1.5 CVT (114 л.с.)','1464062854','1485031657','1'
'199741','48200','774','1.5 MT (120 л.с.)','1464062857','1485031658','1'
'199742','48200','774','1.5 CVT (120 л.с.)','1464062857','1485031658','1'
'199743','48201','774','EV CVT (125 л.с.)','1464062859','1485031659','1'
'199744','48202','774','1.3 AT 4WD (100 л.с.)','1464062867','1485031660','1'
'199745','48202','774','1.3 MT (100 л.с.)','1464062867','1485031660','1'
'199746','48202','774','1.3 CVT (100 л.с.)','1464062867','1485031661','1'
'199747','48202','774','1.5 AT 4WD (120 л.с.)','1464062867','1485031661','1'
'199748','48202','774','1.5 CVT (120 л.с.)','1464062867','1485031662','1'
'199749','48203','774','1.5 AT (118 л.с.)','1464062945','1485031663','1'
'199750','48203','774','1.5 MT (118 л.с.)','1464062945','1485031664','1'
'199751','48204','774','1.5 AT 4WD (120 л.с.)','1464062949','1485031664','1'
'199752','48204','774','1.5 MT (120 л.с.)','1464062949','1485031665','1'
'199753','48204','774','1.5 CVT (120 л.с.)','1464062949','1485031665','1'
'199754','48205','774','1.3 CVT 4WD (86 л.с.)','1464062958','1485031667','1'
'199755','48205','774','1.3 CVT (86 л.с.)','1464062958','1485031667','1'
'199756','48205','774','1.5 AT (110 л.с.)','1464062958','1485031668','1'
'199757','48205','774','1.5 MT (110 л.с.)','1464062958','1485031668','1'
'199758','48205','774','1.5 CVT 4WD (110 л.с.)','1464062958','1485031669','1'
'199759','48205','774','1.5 CVT (110 л.с.)','1464062958','1485031669','1'
'199760','48206','776','1.5 AT 4WD 7 мест (118 л.с.)','1464062964','1485031670','1'
'199761','48206','776','1.5 AT 4WD (118 л.с.)','1464062964','1485031671','1'
'199762','48206','776','1.5 CVT 7 мест (118 л.с.)','1464062964','1485031671','1'
'199763','48206','776','1.5 CVT (118 л.с.)','1464062964','1485031672','1'
'199764','48207','776','1.5 AT 4WD 5 мест (118 л.с.)','1464062972','1485031673','1'
'199765','48207','776','1.5 AT 4WD (118 л.с.)','1464062972','1485031673','1'
'199766','48207','776','1.5 CVT 5 мест (118 л.с.)','1464062972','1485031674','1'
'199767','48207','776','1.5 CVT 8 мест (118 л.с.)','1464062972','1485031674','1'
'199768','48207','776','1.5 CVT (118 л.с.)','1464062972','1485031675','1'
'199769','48208','779','3.2 AT (260 л.с.)','1464062974','1485031676','1'
'199770','48209','780','2.0 AT (160 л.с.)','1464062977','1485031677','1'
'199771','48209','780','2.0 MT (160 л.с.)','1464062977','1485031678','1'
'199772','48210','780','2.0 AT (160 л.с.)','1464062981','1485031678','1'
'199773','48210','780','2.0 MT (160 л.с.)','1464062981','1485031679','1'
'199774','48211','780','1.8 MT (200 л.с.)','1464062984','1485031680','1'
'199775','48212','780','1.8 MT (190 л.с.)','1464062986','1485031680','1'
'199776','48213','780','1.8 MT (200 л.с.)','1464063063','1485031681','1'
'199777','48214','780','1.6 AT (113 л.с.)','1464063069','1485031683','1'
'199778','48214','780','1.6 AT (133 л.с.)','1464063069','1485031684','1'
'199779','48214','780','1.6 MT (113 л.с.)','1464063069','1485031685','1'
'199780','48214','780','1.6 MT (133 л.с.)','1464063069','1485031685','1'
'199781','48215','780','1.5 AT (85 л.с.)','1464063080','1485031686','1'
'199782','48215','780','1.5 MT (85 л.с.)','1464063080','1485031687','1'
'199783','48215','780','1.6 AT (100 л.с.)','1464063080','1485031687','1'
'199784','48215','780','1.6 AT (120 л.с.)','1464063080','1485031688','1'
'199785','48215','780','1.6 MT (100 л.с.)','1464063080','1485031688','1'
'199786','48215','780','1.6 MT (120 л.с.)','1464063080','1485031689','1'
'199787','48216','782','1.3 CVT (88 л.с.)','1464063082','1485031690','1'
'199788','48217','782','1.4 МТ (100 л.с.)','1464063087','1485031691','1'
'199789','48217','782','1.5 AT (120 л.с.)','1464063087','1485031691','1'
'199790','48217','782','1.5 MT (120 л.с.)','1464063087','1485031692','1'
'199791','48218','783','3.5 AT (208 л.с.)','1464063090','1485031693','1'
'199792','48218','783','3.5 AT (215 л.с.)','1464063091','1485031693','1'
'199793','48219','784','0.7 T AT 4WD (64 л.с.)','1464063096','1485031694','1'
'199794','48219','784','0.7 T AT (64 л.с.)','1464063096','1485031694','1'
'199795','48219','784','0.7 AT 4WD (52 л.с.)','1464063096','1485031695','1'
'199796','48219','784','0.7 AT (52 л.с.)','1464063096','1485031695','1'
'199797','48220','784','0.7 T AT 4WD (64 л.с.)','1464063103','1485031696','1'
'199798','48220','784','0.7 T AT (64 л.с.)','1464063103','1485031697','1'
'199799','48220','784','0.7 AT 4WD (52 л.с.)','1464063103','1485031697','1'
'199800','48220','784','0.7 AT (52 л.с.)','1464063103','1485031697','1'
'199801','48221','784','0.7 T AT 4WD (64 л.с.)','1464063110','1485031698','1'
'199802','48221','784','0.7 T AT (64 л.с.)','1464063110','1485031699','1'
'199803','48221','784','0.7 AT 4WD (52 л.с.)','1464063110','1485031699','1'
'199804','48221','784','0.7 AT (52 л.с.)','1464063111','1485031700','1'
'199805','48222','784','0.7 T AT 4WD (64 л.с.)','1464063114','1485031701','1'
'199806','48222','784','0.7 T AT (64 л.с.)','1464063114','1485031701','1'
'199807','48223','784','0.7 AT 4WD (50 л.с.)','1464063188','1485031702','1'
'199808','48223','784','0.7 AT (50 л.с.)','1464063188','1485031703','1'
'199809','48223','784','0.7 MT 4WD (50 л.с.)','1464063188','1485031703','1'
'199810','48223','784','0.7 MT (50 л.с.)','1464063188','1485031704','1'
'199811','48224','784','0.7 AT 4WD (50 л.с.)','1464063194','1485031704','1'
'199812','48224','784','0.7 AT (50 л.с.)','1464063194','1485031705','1'
'199813','48224','784','0.7 MT 4WD (50 л.с.)','1464063194','1485031705','1'
'199814','48224','784','0.7 MT (50 л.с.)','1464063194','1485031706','1'
'199815','48225','784','0.7 AT (48 л.с.)','1464063199','1485031707','1'
'199816','48225','784','0.7 MT (48 л.с.)','1464063199','1485031707','1'
'199817','48231','785','1.3 AT (66 л.с.)','1464063210','1485031708','1'
'199818','48231','785','1.3 MT (66 л.с.)','1464063210','1485031708','1'
'199819','48231','785','1.3 CVT 4WD (66 л.с.)','1464063210','1485031709','1'
'199820','48231','785','1.3 CVT (91 л.с.)','1464063210','1485031710','1'
'199821','48231','785','1.3 CVT (66 л.с.)','1464063210','1485031710','1'
'199822','48232','785','1.3 AT (66 л.с.)','1464063216','1485031711','1'
'199823','48232','785','1.3 MT (66 л.с.)','1464063216','1485031711','1'
'199824','48232','785','1.3 CVT (66 л.с.)','1464063216','1485031712','1'
'199825','48233','785','1.3 AT (66 л.с.)','1464063307','1485031713','1'
'199826','48233','785','1.3 MT (66 л.с.)','1464063307','1485031713','1'
'199827','48233','785','1.3 CVT (66 л.с.)','1464063307','1485031714','1'
'199828','48234','788','3.0 AT (256 л.с.)','1464063310','1485031714','1'
'199829','48234','788','3.2 MT (280 л.с.)','1464063310','1485031715','1'
'199830','48235','788','3.0 MT (274 л.с.)','1464063314','1485031716','1'
'199831','48235','788','3.2 MT (280 л.с.)','1464063314','1485031716','1'
'199832','48236','788','3.0 AT (261 л.с.)','1464063318','1485031717','1'
'199833','48236','788','3.0 MT (274 л.с.)','1464063318','1485031717','1'
'199834','48236','788','3.2 MT (280 л.с.)','1464063318','1485031718','1'
'199835','48237','790','2.4 CVT 4WD (175 л.с.)','1464063321','1485031719','1'
'199836','48237','790','2.4 CVT (175 л.с.)','1464063321','1485031719','1'
'199837','48238','790','2.4 CVT 4WD (185 л.с.)','1464063324','1485031720','1'
'199838','48238','790','2.4 CVT (190 л.с.)','1464063324','1485031720','1'
'199839','48239','790','3.5 AT (250 л.с.)','1464063327','1485031721','1'
'199840','48240','790','2.4 AT 4WD (173 л.с.)','1464063330','1485031721','1'
'199841','48240','790','2.4 CVT  (173 л.с.)','1464063330','1485031722','1'
'199842','48241','790','2.4 AT (179 л.с.)','1464063335','1485031723','1'
'199843','48241','790','2.4 AT 4WD (204 л.с.)','1464063335','1485031723','1'
'199844','48241','790','2.4 AT (206 л.с.)','1464063335','1485031724','1'
'199845','48242','790','3.5 AT (250 л.с.)','1464063339','1485031724','1'
'199846','48242','790','3.5 MT (250 л.с.)','1464063339','1485031725','1'
'199847','48243','790','2.4 AT 4WD (204 л.с.)','1464063425','1485031743','1'
'199848','48243','790','2.4 AT (206 л.с.)','1464063425','1485031743','1'
'199849','48244','790','3.5 AT (247 л.с.)','1464063427','1485031744','1'
'199850','48245','790','2.4 AT (160 л.с.)','1464063432','1485031745','1'
'199851','48245','790','2.4 AT 4WD (160 л.с.)','1464063432','1485031745','1'
'199852','48245','790','2.4 CVT (160 л.с.)','1464063432','1485031746','1'
'199853','48246','790','3.5 AT (247 л.с.)','1464063434','1485031747','1'
'199854','48247','790','2.3 AT 4WD (150 л.с.)','1464063440','1485031747','1'
'199855','48247','790','2.3 AT (150 л.с.)','1464063440','1485031748','1'
'199856','48247','790','3.0 AT 4WD (210 л.с.)','1464063440','1485031748','1'
'199857','48247','790','3.0 AT (210 л.с.)','1464063440','1485031749','1'
'199858','48248','790','3.5 AT (243 л.с.)','1464063442','1485031750','1'
'199859','48249','790','3.0 AT 4WD (210 л.с.)','1464063445','1485031751','1'
'199860','48249','790','3.0 AT (210 л.с.)','1464063445','1485031751','1'
'199861','48250','790','2.3 AT 4WD (150 л.с.)','1464063449','1485031752','1'
'199862','48250','790','2.3 AT (150 л.с.)','1464063449','1485031753','1'
'199863','48251','790','3.0 AT (200 л.с.)','1464063452','1485031753','1'
'199864','48252','795','2.2 MT (195 л.с.)','1464063454','1485031754','1'
'199865','48253','795','2.2 MT (220 л.с.)','1464063544','1485031755','1'
'199866','48254','800','2.2 MT (239 л.с.)','1464063546','1485031755','1'
'199867','48255','800','2.2 MT (237 л.с.)','1464063548','1485031756','1'
'199868','48256','801','3.2 AT (260 л.с.)','1464063550','1485031756','1'
'199869','48257','803','2.0 CVT 4WD (150 л.с.)','1464063554','1485031757','1'
'199870','48257','803','2.0 CVT (150 л.с.)','1464063554','1485031758','1'
'199871','48258','803','2.0 CVT 4WD (150 л.с.)','1464063557','1485031759','1'
'199872','48258','803','2.0 CVT (150 л.с.)','1464063557','1485031759','1'
'199873','48259','803','2.0 AT 4WD (150 л.с.)','1464063561','1485031760','1'
'199874','48259','803','2.0 CVT (150 л.с.)','1464063561','1485031761','1'
'199875','48260','803','2.0 AT 4WD (155 л.с.)','1464063568','1485031761','1'
'199876','48260','803','2.0 AT (155 л.с.)','1464063568','1485031762','1'
'199877','48260','803','2.4 AT 4WD (162 л.с.)','1464063568','1485031762','1'
'199878','48260','803','2.4 CVT (162 л.с.)','1464063568','1485031762','1'
'199879','48261','803','2.0 AT 4WD (155 л.с.)','1464063572','1485031763','1'
'199880','48261','803','2.0 AT (155 л.с.)','1464063572','1485031763','1'
'199881','48262','803','2.0 AT 4WD (160 л.с.)','1464063578','1485031764','1'
'199882','48262','803','2.0 AT (160 л.с.)','1464063578','1485031764','1'
'199883','48262','803','2.4 AT 4WD (162 л.с.)','1464063578','1485031765','1'
'199884','48262','803','2.4 AT (162 л.с.)','1464063578','1485031767','1'
'199885','48263','804','1.8 AT 4WD (140 л.с.)','1464063667','1485031768','1'
'199886','48263','804','1.8 AT (140 л.с.)','1464063667','1485031768','1'
'199887','48263','804','2.0 AT 4WD (150 л.с.)','1464063667','1485031769','1'
'199888','48263','804','2.0 CVT (150 л.с.)','1464063667','1485031769','1'
'199889','48264','807','2.2 MT (220 л.с.)','1464063670','1485031770','1'
'200158','48318','862','FX50 AT (420 л.с.)','1464064366','1485031970','1'
'200159','48319','864','G37 AT (333 л.с.)','1464064368','1485031972','1'
'200160','48320','864','G37 AT (333 л.с.)','1464064372','1485031974','1'
'200161','48321','864','G37 7AT (330 л.с.)','1464064381','1485031976','1'
'200162','48321','864','G37 5AT (330 л.с.)','1464064381','1485031977','1'
'200163','48321','864','G37 5AT AWD (330 л.с.)','1464064381','1485031977','1'
'200164','48321','864','G37 7AT AWD (330 л.с.)','1464064381','1485031978','1'
'200165','48321','864','G37 MT (330 л.с.)','1464064381','1485031978','1'
'200166','48322','864','G37 AT (325 л.с.)','1464064385','1485031979','1'
'200167','48322','864','G37 MT (325 л.с.)','1464064385','1485031980','1'
'200168','48323','864','G35 AT (260 л.с.)','1464064447','1485031981','1'
'200169','48323','864','G35 AT (280 л.с.)','1464064447','1485031982','1'
'200170','48323','864','G35 AT AWD (260 л.с.)','1464064447','1485031983','1'
'200171','48323','864','G35 AT AWD (280 л.с.)','1464064447','1485031983','1'
'200172','48324','864','G35 AT (280 л.с.)','1464064453','1485031984','1'
'200173','48324','864','G35 AT (296 л.с.)','1464064453','1485031985','1'
'200174','48324','864','G35 MT (280 л.с.)','1464064453','1485031985','1'
'200175','48324','864','G35 MT (296 л.с.)','1464064453','1485031986','1'
'200176','48325','864','G35 AT (280 л.с.)','1464064460','1485031987','1'
'200177','48325','864','G35 AT (296 л.с.)','1464064460','1485031987','1'
'200178','48325','864','G35 MT (280 л.с.)','1464064460','1485031988','1'
'200179','48325','864','G35 MT (296 л.с.)','1464064460','1485031988','1'
'200180','48326','864','G35 AT (280 л.с.)','1464064466','1485031990','1'
'200181','48326','864','G35 AT AWD (260 л.с.)','1464064466','1485031989','1'
'200182','48326','864','G35 AT (260 л.с.)','1464064466','1485031990','1'
'200183','48326','864','G35 AT AWD (280 л.с.)','1464064466','1485031990','1'
'200184','48327','864','G20 AT (140 л.с.)','1464064472','1485031991','1'
'200185','48327','864','G20 AT (145 л.с.)','1464064472','1485031992','1'
'200186','48327','864','G20 MT (145 л.с.)','1464064472','1485031992','1'
'200187','48327','864','G20 MT (140 л.с.)','1464064472','1485031993','1'
'200188','48328','864','G20 AT (140 л.с.)','1464064478','1485031993','1'
'200189','48328','864','G20 AT (145 л.с.)','1464064478','1485031994','1'
'200190','48328','864','G20 MT (140 л.с.)','1464064478','1485031994','1'
'200191','48328','864','G20 MT (145 л.с.)','1464064478','1485031995','1'
'200192','48329','867','M35 AT (307 л.с.)','1464064482','1485031996','1'
'200193','48329','867','M35 AT AWD (307 л.с.)','1464064482','1485031996','1'
'200194','48330','867','M35 AT (280 л.с.)','1464064485','1485031997','1'
'200195','48330','867','M35 AT AWD (280 л.с.)','1464064485','1485031997','1'
'200196','48331','867','M45 AT (340 л.с.)','1464064487','1485031998','1'
'200197','48332','871','QX56 AT 4WD (320 л.с.)','1464064489','1485031998','1'
'200198','48333','871','QX35 AT (243 л.с.)','1464064506','1485032000','1'
'200199','48333','871','QX35 AT AWD (243 л.с.)','1464064506','1485032001','1'
'200200','48334','871','QX33 AT 4WD (170 л.с.)','1464064508','1485032001','1'
'200201','48335','872','2.5 AT AWD (222 л.с.)','1464064513','1485032002','1'
'200202','48335','872','3.7 AT AWD (330 л.с.)','1464064623','1485032004','1'
'200203','48336','873','2.5 Xtronic AWD  Hybrid (231 л.с.)','1464064626','1485032006','1'
'200204','48336','873','3.5 Xtronic AWD (262 л.с.)','1464064634','1505798083','1'
'212465','50203','20160','1.3 Hybrid CVT (88 л.с.)','1464096489','1485049258','1'
'212466','50203','20160','1.5 AT 4WD (120 л.с.)','1464096489','1485049259','1'
'212467','50203','20160','1.5 CVT (120 л.с.)','1464096489','1485049259','1'
'212468','50204','20160','1.3 CVT (88 л.с.)','1464096491','1485049259','1'
'212469','50205','20160','1.5 AT 4WD (120 л.с.)','1464096494','1485049260','1'
'212470','50205','20160','1.5 CVT (120 л.с.)','1464096494','1485049261','1'
'212471','50206','20162','1.5 CVT 4WD (110 л.с.)','1464096497','1485049262','1'
'212472','50206','20162','1.5 CVT (110 л.с.)','1464096497','1485049262','1'
'212473','50207','20162','1.5 CVT 4WD (110 л.с.)','1464096500','1485049263','1'
'212474','50207','20162','1.5 CVT (110 л.с.)','1464096500','1485049263','1'
'212623','50270','20214','I35 AT (255 л.с.)','1464097239','1485049394','1'
'212624','50271','20214','I30 MT (230 л.с.)','1464097242','1485049395','1'
'212625','50271','20214','I35 AT (255 л.с.)','1464097242','1485049395','1'
'212626','50272','20214','I30 AT (193 л.с.)','1464097324','1485049396','1'
'219515','51383','872','2.5 AT AWD (222 л.с.)','1468696432','1485061347','1'
'219930','1169','869','3.0 T AT AWD (405 л.с.)','1479522958','1484998053','1'
'219696','46056','19343','2.0 DCT AWD (211 л.с.)','1474281065','1503377343','1'
'234506','53125','761','1.5 MT (180 л.с.)','1498069445',NULL,'1'
'234504','53125','761','1.0 CVT (129 л.с.)','1498069445',NULL,'1'
'234505','53125','761','1.5 MT (174 л.с.)','1498069445',NULL,'1'
'219695','46056','19343','1.6 DCT (149 л.с.)','1474281065','1500616733','1'
'219665','1173','873','2.5 CVT AWD Hybrid (231 л.с.)','1474074669','1500591594','1'
'234486','51494','763','1.5 CVT FWD (190 л.с.)','1498069346',NULL,'1'
'233178','51494','763','2.4 CVT AWD (186 л.с.)','1495570477','1498069340','1'
'234202','6328','761','1.8 CVT (143 л.с.)','1498017967',NULL,'1'
'234507','53125','761','1.5 CVT (174 л.с.)','1498069445',NULL,'1'
'234508','53125','761','1.5 CVT (180 л.с.)','1498069445',NULL,'1'
'234488','51494','763','2.4 CVT FWD (186 л.с.)','1498069346',NULL,'1'
'234491','53126','761','1.5 CVT (174 л.с.)','1498069364',NULL,'1'
'234492','53126','761','2.0 MT (158 л.с.)','1498069364',NULL,'1'
'234493','53126','761','2.0 CVT (158 л.с.)','1498069364',NULL,'1'
'234312','48157','761','1.8 AT (142 л.с.)','1498038585',NULL,'1'
'234313','48157','761','1.8 MT (142 л.с.)','1498038585',NULL,'1'
'234203','6329','761','1.4 MT (100 л.с.)','1498017976',NULL,'1'
'234159','3422','761','2.4 MT (205 л.с.)','1498009784',NULL,'1'
'234201','6328','761','1.8 MT (143 л.с.)','1498017967',NULL,'1'
'234225','14945','763','2.4 AT (166 л.с.)','1498026116',NULL,'1'
'234205','6329','761','1.8 MT (142 л.с.)','1498017976',NULL,'1'
'234204','6329','761','1.8 AT (142 л.с.)','1498017976',NULL,'1'
'234311','48157','761','1.6 i-DTEC MT (120 л.с.)','1498038585',NULL,'1'
'234624','8651','862','FX30D AT AWD (238 л.с.)','1500610002',NULL,'1'
'234502','53124','761','2.0 CVT (158 л.с.)','1498069414',NULL,'1'
'234501','53124','761','2.0 MT (158 л.с.)','1498069414',NULL,'1'
'234500','53124','761','1.5 CVT (174 л.с.)','1498069414',NULL,'1'
'234499','53124','761','1.5 MT (174 л.с.)','1498069414',NULL,'1'
'234490','53126','761','1.5 MT (205 л.с.)','1498069364',NULL,'1'
'234487','51494','763','1.5 CVT AWD (190 л.с.)','1498069346',NULL,'1'
'234503','53125','761','1.0 MT (129 л.с.)','1498069445',NULL,'1'
